Set,Actual_Ultimate_Stress,Predicted_Ultimate_Stress,Actual_Load_10mm,Predicted_Load_10mm,Actual_FOS,Predicted_FOS
Train,360.2167237546401,355.75314,158.0365939225241,167.34943,6.935990248857785,6.8394427
Train,494.81697671251175,475.5278,224.6084322998148,224.54404,7.07793041777153,7.0021634
Train,710.6665976765124,703.04706,311.8565089839057,329.99823,9.368690336087417,9.237911
Train,417.44998342393046,432.76602,215.0588645028588,204.12564,6.395519028622512,6.508176
Train,272.2426973827912,294.53476,147.95112782499075,139.16246,6.082289725143376,6.1682215
Train,264.28900958550565,276.9388,116.06971448496859,130.61008,8.03180622629974,8.086627
Train,647.4419364878589,639.9846,289.087070425635,300.67758,9.21033067113029,9.082829
Train,431.5943237822314,417.6579,190.8365797228333,196.6254,7.421327985652227,7.385179
Train,760.3636795022371,726.82587,333.0236607682411,343.66046,7.523166105300766,7.592281
Train,743.6426124759898,710.7944,340.34118845693075,341.13657,6.951590324566974,7.0578055
Train,798.5118903317816,773.8297,379.21428240790976,378.0397,6.679065429855911,6.867319
Train,505.3959141890813,508.16895,237.35162711582515,240.27652,7.745686209745042,7.7573085
Train,502.9977914641514,479.39447,221.20385362265364,226.29912,7.28577704239316,7.38041
Train,703.0355154540745,703.25415,320.2342577188543,331.72348,8.982387404882802,8.907189
Train,936.388984649164,961.29156,480.04559092816993,466.43625,8.933728301901201,8.916948
Train,779.1264864152406,811.549,404.74344487320377,390.9867,8.476002735180112,8.452242
Train,510.4549918971567,509.33716,236.1286473380261,239.96683,8.567028894390445,8.47047
Train,517.0549599112228,537.17303,244.9562219521989,252.96552,9.045385246994552,8.875194
Train,484.9817173790417,459.4956,214.4363207511076,216.43073,6.935230696832952,6.885291
Train,524.7426028052,573.3956,264.9013601952612,270.93546,9.225975154361088,9.069695
Train,311.2907509144966,317.094,146.44803894227834,149.64055,6.278078587066071,6.30599
Train,812.961807492903,820.3518,404.4249570342811,396.46808,8.00225518216976,7.9918222
Train,573.6036479338759,555.2872,254.74831166504484,260.9889,8.40572301135413,8.383655
Train,493.890942022676,487.38052,216.401153049086,229.58224,7.822656702097671,7.855958
Train,1019.364352591567,1030.8557,541.7524167727698,504.42612,8.730289783505219,8.938276
Train,936.3435684664364,920.4106,445.4067238753871,448.00345,7.873348626949286,8.071855
Train,679.5949068732144,670.5276,302.4908199220888,316.03934,8.189953729943838,8.193174
Train,583.798633657227,597.8614,293.2196443096376,283.44412,8.509682175994227,8.448863
Train,228.14099631051465,254.2848,104.72077338370389,119.89751,6.288948624112475,6.3854175
Train,1077.330424605428,1032.3582,481.7550016531456,495.91623,9.18621851270222,9.223561
Train,564.0276750206644,587.74884,273.5245427868539,277.60968,9.062278271796796,8.920414
Train,839.1548152898748,785.6783,367.6537875981106,373.27057,7.551551917527528,7.6808944
Train,595.1230026888974,574.90857,274.1673074859261,272.7917,6.768195621928068,6.816204
Train,699.3829512828626,698.46045,361.5950620933533,340.28748,6.739397833773463,6.824588
Train,960.759775853366,965.5227,466.96368059274994,467.29022,8.833803356138446,8.89347
Train,838.5652231747518,806.9186,369.6044231411496,380.59482,9.68474213451034,9.507636
Train,886.5351828918915,852.1489,388.8819485106229,402.70374,9.385659912357758,9.24318
Train,673.9622798153529,673.7938,309.920980997486,318.50906,7.782717684228751,7.771256
Train,349.33265179091995,370.58865,190.7098679808707,174.3817,7.854144447595939,7.7334733
Train,743.1132341758779,742.2851,353.0609311288614,353.86893,7.948680691677249,7.8796425
Train,427.6933166895959,435.4333,211.7026641922843,204.8682,8.211600060965294,8.122826
Train,232.67785849099943,246.65443,110.16121767813974,116.65645,5.97265362985275,6.090079
Train,335.8820209997517,334.14395,147.85426080935227,157.2944,7.138862617129897,7.0713606
Train,1050.1162675386436,1002.41876,464.632360133518,479.61487,9.10886351131854,9.13408
Train,677.6960928139415,658.9354,317.10540383775657,317.2914,6.564610994963212,6.7171497
Train,505.5537356657104,505.9296,238.5846786039184,239.30293,7.523401687869118,7.6048446
Train,736.593181224939,706.581,340.26126908788115,341.98596,6.588135913420538,6.754808
Train,270.2223551969972,306.32846,141.2560849238675,144.40707,7.5187469934970705,7.492346
Train,807.8659205611477,835.90234,411.6870093973005,402.46512,8.64425755091098,8.608095
Train,852.0224067791794,840.9869,405.02126811500426,406.15472,7.844359419444584,7.929997
Train,618.0438782374193,585.11285,274.85436860464324,277.3604,6.771316755733662,6.8101482
Train,736.8946386105334,725.9047,358.4906480941105,354.38657,6.494796880507568,6.6994824
Train,454.8733130596801,440.76187,200.51095214449455,207.35727,6.950940213400431,6.8990703
Train,364.8743125149382,360.20688,163.82398107475368,169.73181,6.514534457957883,6.516938
Train,641.0304579320735,653.4929,301.61297083708484,308.45685,9.27116015505263,9.135049
Train,472.9395854802168,480.30832,233.21743521032369,226.64587,6.612180991876496,6.64634
Train,469.7825869686916,497.17325,246.64488583862965,235.03401,8.216138737691018,8.182459
Train,546.0811078575989,543.8067,259.3530964039862,258.11014,6.386517899746175,6.535026
Train,222.97009002814184,232.13994,111.16106959796241,110.15523,5.622902262397709,5.8102446
Train,691.7511450402786,697.66846,344.2857191782318,336.03705,7.160980601249336,7.19694
Train,515.6576444469238,514.7284,247.18515903484985,243.63554,6.916813898039809,6.8663554
Train,388.5000831733464,387.47113,183.47740388579123,182.30588,7.374211714954002,7.2803955
Train,873.6428429118312,889.67084,423.5233364490436,426.8332,9.248317458971409,9.108088
Train,496.2855628548864,480.65106,217.7092870990431,226.82751,6.520319106393229,6.591045
Train,971.725227104784,975.1773,470.5482365758671,471.22546,9.029970742379604,8.990708
Train,605.8845619682078,584.85455,272.303764253829,277.06543,7.013524549877237,6.9798436
Train,298.53305072430663,299.673,130.86696135170214,141.2232,7.68093422875261,7.5856547
Train,308.6688051211725,320.44058,150.5395417571716,151.12906,6.345257817562942,6.3785195
Train,726.6143300929721,715.67377,327.4708739123758,337.46378,8.313025169300689,8.339812
Train,189.79723047370248,221.93413,101.72446131368824,105.07524,5.761402190797171,6.017832
Train,341.6381619185133,340.0244,151.90864201851926,160.09036,6.648682508010491,6.607178
Train,745.6801777751953,753.14996,353.7723444544917,357.42715,8.903073759675243,8.842563
Train,673.1513568928265,636.2356,299.2003817324318,302.40128,6.756582158865199,6.8611293
Train,254.5255043702523,280.10782,116.22710130162892,132.01672,6.961017465416269,7.0417814
Train,1129.9791115350208,1061.9153,494.778511970106,507.22794,9.736942509839931,9.612613
Train,630.5111452826527,664.2572,321.1835403016645,315.7622,8.521548254802655,8.495291
Train,1003.4681971498202,962.9975,446.10971469684034,459.799,9.047753985263652,9.029317
Train,870.0212236104646,834.1681,393.316359022988,401.6457,7.521052238054317,7.6808686
Train,279.6045927223356,312.23978,138.2036959796656,147.18442,8.312246561470955,8.329592
Train,397.2677638175264,390.82056,174.24718705420938,184.32803,6.303238853363766,6.4170666
Train,859.9028957683344,815.3935,383.225397402254,390.19986,7.571139475563486,7.709267
Train,343.54372525439834,339.50568,157.39695433475077,160.40144,6.018184528823657,6.164584
Train,705.8029134753247,750.12964,373.5625928744871,359.6944,8.612693149095579,8.557339
Train,254.2376918353997,278.03488,116.57484861044608,131.05635,6.973701806528303,7.051286
Train,398.01120080211183,420.24258,212.19406385438052,197.57298,8.548420271311489,8.411674
Train,799.0129143963222,817.74164,395.1371522093899,390.7853,9.338349340657867,9.186011
Train,585.3417304327813,556.5543,258.5354794887662,263.27698,6.493440357968538,6.615763
Train,385.562131627557,392.18347,177.43621234745396,184.10982,8.807418186190521,8.599898
Train,266.6086603223381,284.80664,120.61161261965216,134.3164,7.46842803030805,7.422486
Train,763.5916950762211,747.9182,339.73133180263414,352.30283,9.574971085843783,9.400877
Train,342.80733629063866,348.7475,157.65044261129398,164.24808,7.555993483963641,7.4099326
Train,940.1131729459462,910.7242,429.0315297962356,439.05048,8.130947363727437,8.314962
Train,284.7941896354636,304.1883,131.7312215284935,143.39648,7.445695900174269,7.363453
Train,433.1620131607937,422.56604,197.25462953167573,198.84547,7.169029377909237,7.1202683
Train,394.5072214003753,424.24707,196.77611876759372,199.22435,8.870986279976556,8.702757
Train,248.00285141783803,261.7607,111.71694315604026,123.49437,6.264035878339579,6.32592
Train,749.9015408637854,736.6373,346.358233754903,349.567,7.984292587272206,7.908041
Train,787.9766222853852,762.0181,369.47436127592806,369.2498,7.00108558495729,7.1235394
Train,693.556914621289,682.3385,330.29398457007113,328.29593,6.910782487251352,6.99132
Train,1114.9199645988567,1090.078,525.6159980851245,528.60547,9.38069423284939,9.411027
Train,774.9399629780445,722.17694,341.0300620009342,344.24088,7.018040056259255,7.14755
Train,633.914919675298,651.7269,304.7826087539123,309.3643,7.709327813880868,7.746108
Train,306.77364147402227,322.35385,142.6641207342237,151.71132,6.6912236138603305,6.6343718
Train,813.3826247455152,809.9741,418.6956360497719,398.05917,6.841664285533232,7.039829
Train,869.4975509709637,821.8337,386.0355851752589,394.03287,7.445477538896367,7.628696
Train,666.8586757602701,685.24133,324.84866970814124,326.2794,7.875637301467922,7.8581524
Train,575.4718834246461,549.9866,257.33235869593807,260.39096,6.375199786968124,6.5315466
Train,810.0240152430201,768.7624,360.4530832662852,367.92203,7.24423849569183,7.4023366
Train,577.795076641361,584.4603,275.52766086974026,276.84512,8.122638058166306,8.083481
Train,1092.73748242513,1035.3646,480.2461094493401,494.5957,9.563846365064393,9.474229
Train,607.2757576828267,591.4817,266.9707260719899,278.96347,7.61899553330197,7.6677613
Train,823.5770085284055,861.6059,425.399165684536,413.6774,9.627943742705664,9.409146
Train,673.1373863626593,678.7042,316.36610135810025,321.1458,8.30213118879136,8.331303
Train,839.4207071616644,811.78955,371.9285019148299,383.86087,8.53393264203185,8.558437
Train,905.80283715922,856.4264,397.4987200707101,407.52417,8.072668116368735,8.219895
Train,223.67047088771096,262.38004,116.74704445621484,123.7352,6.221736552652012,6.366139
Train,578.7439886807168,585.35144,288.5244195905201,280.08517,6.63220030990569,6.7095966
Train,858.8864628029936,817.9654,376.5937377987629,385.9208,9.528816348330174,9.382726
Train,693.6922611143932,688.0117,307.5824924187895,323.14346,9.354700001177951,9.21617
Train,182.04394956981878,180.25288,81.07601974239918,85.78046,5.435211440786159,5.7167506
Train,480.60849225840064,468.9504,212.2561327137292,221.27162,6.50096610044165,6.575394
Train,251.66720517038084,268.0926,111.23588668255198,126.29526,6.724298529438741,6.8316946
Train,628.9686685505299,642.4045,281.11929954367633,301.57678,9.488999617818964,9.327643
Train,753.6047759982912,708.6198,335.01472516824424,337.99545,7.014005102386352,7.119883
Train,407.62628777333816,420.97488,207.1811136131572,198.32721,6.59272002208902,6.634517
Train,814.3237035488912,783.47437,371.04401432227735,377.60553,7.201709659808144,7.355201
Train,767.2427111206581,761.04974,370.99334185405087,366.57773,7.461903913993991,7.5119596
Train,423.165179833092,424.8228,191.6525562248795,199.12346,8.816458396440279,8.613396
Train,937.842697237694,930.94147,459.7466133515767,454.56296,7.892241825050922,8.098453
Train,486.70650388108425,492.58575,230.5646104130817,233.07474,6.129153935986335,6.338948
Train,303.45732001945936,336.50165,157.6731251468157,158.54604,8.491126901080811,8.43558
Train,647.0738390878925,658.8868,290.92269588374114,309.74908,9.458967592493655,9.306147
Train,635.7799378583612,640.2368,293.3034131264345,303.0427,7.37787725672713,7.3900824
Train,993.9160847038388,1012.08984,505.6167626844276,490.477,9.583880250950102,9.414804
Train,718.2042171844756,754.4681,389.7814311401164,363.92273,8.014304944700186,7.9391546
Train,541.8687858171373,561.5806,280.2122993655323,269.17493,6.209427713621841,6.408535
Train,1084.5326416059852,1072.112,524.0440842795482,520.3091,9.351074715511634,9.349421
Train,512.4645201410557,537.6093,271.78484530711887,256.01016,6.733458254118704,6.7537594
Train,784.9310701169472,774.24457,355.2409014930686,365.92548,9.647584594941614,9.463505
Train,645.0321548336923,641.3697,289.24256610327745,302.18756,8.408755895441567,8.4190645
Train,328.14775118551194,337.39722,158.70284944555297,159.13518,6.328078742357429,6.3789806
Train,339.22204131113165,338.5469,158.96522650058424,160.00519,5.9752852094482805,6.118746
Train,617.3577361965853,586.10126,274.8696463884247,278.0432,6.6413222273759445,6.724145
Train,792.7961744894706,803.2569,377.7306580912355,381.6665,9.616282727609455,9.440585
Train,286.390538448037,306.85614,134.7557851815368,144.65112,7.498702099133828,7.4091434
Train,334.0729647380541,346.00165,158.09227966418584,162.83609,8.073537359064758,7.96474
Train,340.0032207033545,364.06097,179.81198727016857,171.24911,6.96372873095008,6.918922
Train,294.24354134139446,291.2151,131.18718385565973,137.60022,6.091955561832261,6.167932
Train,827.5101906758014,847.6218,406.64078412922646,407.65744,8.594104119671563,8.597819
Train,648.1120745438246,682.6838,337.2205313649259,326.82782,7.697006691774008,7.7070193
Train,452.12724944915954,443.70612,201.72710209477316,207.85094,8.591365435951527,8.42907
Train,499.8213301824441,487.1539,220.45104395106955,230.20316,6.322056323991247,6.47839
Train,243.00644777759277,255.33107,128.36246333478223,121.06419,5.677293651751523,5.8414207
Train,950.4083771434068,943.52216,468.3246155180077,460.49982,8.00381541537763,8.221677
Train,592.6524838696469,574.73206,269.88876871679025,272.54816,6.995116350545592,6.9460993
Train,367.2608854479661,361.6302,163.37851779676663,170.22993,6.704158400804423,6.6550684
Train,490.2307662730936,488.40704,224.56227276403573,230.52667,7.759712136916548,7.795375
Train,825.6806821635206,839.9642,441.7946029636127,410.3031,7.548726893264424,7.682191
Train,1041.6280254367962,1035.989,517.152260483682,504.96545,8.780093143621354,8.996045
Train,504.04095228748525,515.36334,243.37424756186968,242.98068,8.748305701518394,8.611899
Train,681.0314896760555,684.40796,337.1487271171765,329.07526,7.137459144431409,7.164625
Train,496.386595047148,486.5567,220.29657055001397,229.69878,7.587373967177973,7.655408
Train,544.4877059362237,524.1955,240.4816128569428,245.99147,8.558252808627133,8.472264
Train,336.46222964945366,347.808,158.85529141196116,163.76622,7.3342986049968015,7.2527094
Train,941.6836215798422,942.2616,449.5916273348057,454.41147,8.806880373869761,8.832658
Train,444.663362091793,437.65555,205.04246572811624,206.12819,6.702860524616159,6.728382
Train,273.9177757586584,282.06174,122.47111113091697,132.98102,6.410645637586907,6.4027567
Train,766.9241629642468,771.81396,388.0229187576194,373.41296,7.498663759340722,7.543475
Train,339.04739011603453,346.46317,157.1079437308637,163.11562,7.28093063343234,7.198954
Train,682.9121904829888,721.94965,355.0872792793237,344.78635,8.7536789398965,8.685817
Train,300.1542260759954,322.2561,143.71184357533056,151.81004,7.700426948096328,7.595552
Train,379.2713524453811,382.94345,184.4808684864716,180.58983,6.320541526344703,6.416203
Train,824.8667243345062,800.39624,370.4835698576141,378.5388,9.436610853442833,9.299586
Train,622.3750786584197,615.50494,285.61505309445204,290.61172,8.342856434564585,8.324847
Train,666.8333731479319,657.1066,297.2760470464997,309.8377,8.056812837933302,8.029598
Train,518.0335345880271,520.70105,249.9237974016001,246.45125,6.831933277421679,6.8160076
Train,215.807846529956,236.96696,108.44441132862084,112.1682,5.832682542531197,6.022568
Train,524.0986895253724,518.49036,243.64163075554163,245.2007,6.774780657213995,6.75317
Train,474.4436655314057,503.54108,246.47175883167543,237.79808,8.757376389725675,8.626048
Train,673.7222266799017,664.17126,311.5167309427797,316.2317,7.213098721879683,7.22824
Train,553.8702732079984,587.80566,291.9872332775347,280.6267,7.235498728551122,7.1716533
Train,390.97346762196526,384.06284,176.66753670566,180.44385,8.538125850170225,8.336632
Train,690.7031179882894,682.1302,341.20533945659105,330.209,6.824934276030401,6.8833814
Train,789.7231835050161,795.59094,374.9843009294332,377.75952,9.639752056767415,9.460352
Train,250.39451311002813,283.47678,119.88071839220362,133.6993,7.414119175535491,7.443452
Train,869.5085774609563,866.19904,425.3825303299327,421.7078,7.623232609893987,7.7901196
Train,262.7668295459236,285.5517,120.62362285383688,134.66614,7.535418772923708,7.5071177
Train,349.0435522972641,343.72928,154.44219556812445,161.91011,6.593106927482795,6.550704
Train,270.7582518462735,270.12576,121.5124617808602,127.677475,6.06437077291845,6.139747
Train,1114.2942226989192,1056.4835,492.49022582171176,505.6591,9.638598670731133,9.528405
Train,414.54852891887066,405.03732,189.69068331092095,190.36995,7.953188395243397,7.8088493
Train,995.8792352863906,987.1591,468.3610203243971,475.68344,9.154453785510816,9.093441
Train,985.1699619315824,1005.29034,508.10197461711095,486.96616,9.781891984780952,9.566725
Train,775.2786912703749,768.6272,358.8711194836134,364.25317,8.866277518946813,8.816634
Train,398.644143823115,386.56024,177.56154534476826,181.8675,7.310419813985361,7.2173905
Train,380.0276756935389,378.83667,176.63927639130742,178.47348,6.522316281275065,6.5587173
Train,663.2858870409916,658.9949,317.9732861839032,318.78983,6.296695244980602,6.5335507
Train,462.49113787434686,466.39926,215.03849589897956,220.15446,6.408998967030928,6.500992
Train,507.655502592901,490.83752,223.40933229614225,230.47845,8.221628989217411,8.207954
Train,638.039610742428,620.6998,295.977883511087,296.74774,6.644783961171499,6.7594366
Train,330.26581409415064,325.68668,145.5352026744057,153.45923,7.5347149962181375,7.390021
Train,306.7197115387554,332.66867,155.43653008097348,156.55865,6.679691112285825,6.651712
Train,1115.8852935658235,1127.3575,592.7184501315478,550.252,9.77871088213026,9.635193
Train,380.1317580217246,389.9845,193.3440127435944,183.68715,6.555968296446267,6.5950537
Train,558.5413841919997,615.59784,301.6766957271258,291.94702,9.24126254585952,9.088704
Train,652.0162572562701,654.3516,329.1462889738158,316.9631,6.565100224767757,6.6823606
Train,267.2981820989802,293.51157,125.5706858676644,138.40211,7.4852933903749905,7.4334536
Train,584.8272201009324,558.39246,258.8799600666667,262.3345,8.53312912270884,8.476412
Train,456.851508535148,439.76727,201.0891915217009,206.31947,8.005447135084664,7.935868
Train,577.9994809248884,566.51843,260.7759436438544,268.2165,7.154180680641924,7.076914
Train,584.2785928321757,608.3006,288.8236229296492,289.49207,7.331668444500318,7.307559
Train,778.6199114362086,779.5785,362.7458261297377,370.4969,8.462126945021078,8.471109
Train,751.7924238951625,741.36945,348.8940049682259,353.96625,7.6556323424603265,7.6493893
Train,247.38112057811156,289.3283,133.15617390550506,136.1904,6.536809509482825,6.5921464
Train,770.5156571187919,762.37006,360.8806644214829,364.10483,7.915059451056701,7.8491673
Train,914.6833687889264,914.48694,434.1864151586579,441.21063,8.520349347276792,8.622722
Train,291.65884152296394,321.5904,154.06030513456585,151.55627,7.421008312415035,7.356378
Train,1012.4189312793648,992.63855,467.9853663290732,478.8272,8.894881231671894,8.99771
Train,434.9497748278355,423.4894,194.93129508597025,199.48575,7.432747040311867,7.3992457
Train,1100.542291005192,1069.8246,506.5215584722458,516.8769,9.363852307202055,9.368661
Train,965.0723900303416,988.1368,493.11800910826,479.0862,9.280094894300788,9.176061
Train,818.9953871117287,789.3251,374.6743532494936,380.28214,7.279884866351867,7.4263167
Train,1069.6474570976493,1091.9358,588.2962443574506,532.40735,9.990553893836184,9.766964
Train,545.3484023068688,555.39557,271.31496480820545,263.34778,8.161289319963933,8.116867
Train,810.8339026543242,767.64307,359.0014658065598,365.45438,7.463929378325505,7.5818124
Train,573.975287802726,594.14905,286.844733603046,282.382,7.333173688892996,7.351732
Train,592.7489031227764,613.9343,291.71473174547765,291.84613,7.321299790505819,7.310358
Train,256.7829172150184,281.3994,121.8394997609845,132.61566,6.422463609030746,6.446146
Train,796.2812478555004,770.5194,349.55938504645167,362.7506,8.658135454889242,8.623221
Train,282.5190831024116,269.49158,124.3980033521741,127.690994,5.770335220286983,5.891486
Train,895.1902780062564,897.0891,424.7918734066645,431.19437,8.663188463304023,8.673499
Train,438.9199562363994,454.7967,235.37370044642344,214.41505,6.594016815924335,6.661415
Train,972.7621621988136,944.9099,442.2865934178938,454.31915,8.55341901724196,8.719516
Train,958.2732392536142,909.95605,419.39831746718966,431.71542,8.76914630249125,8.806679
Train,356.86092545058114,363.30005,178.67023170100592,171.52003,6.10037966562476,6.253342
Train,1056.465946779496,1012.57404,470.0331621902219,485.02472,9.210193862709394,9.192043
Train,528.0067612615123,519.0274,243.4978323455213,244.65657,8.414665012087436,8.358902
Train,468.64880153285833,473.6691,221.2395913145747,223.60982,6.421211653922137,6.514225
Train,413.0142307643852,430.5245,211.34666044913263,202.53603,8.530054160176931,8.3967905
Train,760.7334942567271,768.8252,412.3030139836708,379.7152,6.403834196127372,6.6597595
Train,801.140378623573,789.88196,382.4976289768454,381.988,7.402074385298229,7.4982924
Train,550.1537210979387,558.4422,253.72139983380472,262.67377,9.025787755467665,8.877204
Train,839.3798934463758,826.7962,385.8985813702383,394.76245,8.265478750734733,8.269635
Train,397.6518358155732,386.54666,178.71073816367812,181.65642,8.263297434568871,8.100289
Train,455.9678566714081,474.17316,230.75075813640524,224.30278,6.121268131543944,6.311385
Train,835.4817789833597,817.38074,397.8158642920531,398.1719,7.059189020540763,7.26018
Train,315.4270188091492,342.2911,162.75049975103417,161.12292,8.039756367387312,7.983394
Train,708.2070771067531,691.841,314.51698007992826,327.41824,7.374622664195813,7.4487634
Train,587.7395739735538,606.2351,284.83405201365696,286.4969,8.971429752350634,8.861029
Train,707.4689479188633,696.52515,328.7142893965098,332.57858,7.249006289940885,7.3007092
Train,675.3957643956206,695.509,316.50429753083256,328.6163,9.275102934019394,9.153143
Train,727.257232740467,733.26636,333.7717633082989,346.2557,9.42160341970744,9.273853
Train,814.6964223711227,781.5261,367.2478297000009,372.21167,7.784250492868133,7.8039045
Train,504.32945938962433,532.6681,275.46694322594044,253.28566,7.437966418089701,7.48834
Train,396.256135495273,394.51456,183.20570377843683,185.53247,6.941903488423307,6.867896
Train,272.0929990506119,282.36493,126.03996753657358,133.36938,6.152284933769605,6.208289
Train,318.067061570641,325.59805,151.5578166354088,153.61913,6.290651758550128,6.335364
Train,484.3092078654829,481.3919,224.30088146010695,227.38887,7.523411946077802,7.612462
Train,316.0527588036284,323.09802,142.44301905105192,152.13022,7.952036373520316,7.858801
Train,1055.5172534609123,1056.5504,514.2028595277544,511.66467,9.70565573971248,9.54831
Train,464.7596352276223,473.5111,216.82521490702945,223.60072,7.491129767395322,7.5994954
Train,397.1692868428213,398.82755,187.8453643095294,187.40097,8.135319122098696,7.995372
Train,758.4643510413028,730.23047,349.49008363497103,353.99582,6.5561477183704975,6.785902
Train,765.6770282852408,720.8135,343.97930034183867,346.69977,6.790027493153411,6.9335938
Train,646.1485958905105,680.33453,340.36906522832066,325.51575,7.790066951055267,7.795524
Train,332.55429141190257,327.046,150.23960416114284,154.59532,5.932242466692457,6.1054087
Train,375.7133535412089,368.1407,166.60156855677675,173.6903,6.221362852627476,6.3441906
Train,988.5759468710224,1003.032,534.4856249927055,491.30804,8.524502874381222,8.735481
Train,1066.54361240785,1064.4359,523.3974137629107,515.50604,9.8489200038217,9.649342
Train,393.8026127553068,395.79175,183.84013595968443,186.13474,6.9420917966467846,6.8926816
Train,245.92422831765032,271.7374,131.40704450397268,128.39334,6.0740652489594265,6.1726522
Train,810.6939218251885,865.0708,441.9444898553997,417.02905,9.384456160853135,9.186205
Train,520.3495839879635,540.1125,273.2405514703368,256.75305,7.351745216296982,7.384789
Train,482.4909034460185,473.2929,220.39299456511824,223.13307,6.67601024543956,6.711633
Train,901.18419282907,926.2026,455.0214240233465,447.32983,9.117065018571816,9.017189
Train,749.304082102563,712.83374,331.83947987925904,338.2968,7.26787904392274,7.354918
Train,480.1780750490626,515.81604,257.6058001200319,244.26079,8.156505433442561,8.137913
Train,1064.4353137732112,1024.8798,481.6560314813783,493.34726,9.061522887364424,9.14365
Train,198.52256289046295,213.4558,91.47062074844945,101.10867,5.78763691456127,5.99105
Train,1010.852609967771,1012.11914,488.3599467808213,488.4205,9.799735115686552,9.604865
Train,784.8686899885428,780.701,364.11739961314703,370.06876,9.028475093923996,8.959057
Train,327.7159393261706,323.83325,145.723234400727,152.66858,6.442637039810319,6.4297786
Train,473.1917802934959,472.83524,217.9312248063341,222.27249,8.67725658694828,8.525768
Train,744.1102673178793,756.5502,358.24035854672707,360.8392,8.328590461014153,8.308778
Train,735.8441313962534,725.7206,360.52602592879487,354.9341,6.45180416406996,6.6540465
Train,343.9899099010374,342.52133,155.92739296973005,161.42186,6.504617821025998,6.4841337
Train,914.523707567606,906.19653,420.9776146313224,432.18604,9.52624327319819,9.353748
Train,204.04358706111475,210.87523,89.8643685498518,99.8306,5.859997489380946,6.040508
Train,454.0227631359896,449.5117,205.91667687839285,210.8483,8.720367588197387,8.549372
Train,726.030227308756,699.2573,335.2847167189362,338.52792,6.483024919855252,6.6880126
Train,419.3103212876844,412.6297,192.66580042256524,193.89088,7.938685147820405,7.777678
Train,378.52859238473695,371.46582,171.74383611839252,174.74953,8.19534544451088,8.041149
Train,844.0159137683264,800.5589,376.5009481270792,382.31198,7.598287818354021,7.7092757
Train,833.0521228609648,843.53174,435.881436774819,412.1742,7.505166932472889,7.648384
Train,711.8123002485202,716.2519,332.84116423297803,338.77377,9.137709374025611,9.030847
Train,607.7076248707982,623.12054,317.8122394847629,300.16077,6.733706647499138,6.7921567
Train,698.9380182234077,690.5368,316.90655500218384,327.07767,7.43809380132363,7.490298
Train,769.6656393468747,745.6447,351.3141292116885,355.9908,7.446166315246152,7.5235176
Train,590.3747708514314,616.07117,314.66192668792775,297.31088,6.333100993951606,6.5441
Train,562.0783440208612,588.24994,257.5868825577369,276.524,9.403127413290951,9.208901
Train,195.56909354641073,220.32295,94.95392100689259,104.28752,5.826835615999297,6.039971
Train,281.52815625232023,294.75256,126.37167912429496,138.96431,7.36624492470504,7.325558
Train,789.5516598085675,787.6138,362.3605524386412,372.8355,9.721536866414828,9.528101
Train,676.1109175579442,678.23315,334.2071342768476,326.11832,7.065021198080064,7.108709
Train,770.4092656115912,736.7864,339.0457016741506,348.333,7.665736747998578,7.7014084
Train,694.2146813415649,689.83325,348.7969678709984,334.67966,6.7733113617794585,6.864058
Train,268.5025347316085,288.47906,121.23324442233644,136.03798,8.12197747493653,8.17363
Train,1106.6987604884216,1092.5402,536.4856972888203,531.4645,9.317599605677204,9.383475
Train,287.9041623541809,322.54492,156.26863682360926,151.99191,7.377772713574684,7.3429074
Train,353.18856083757265,360.85822,168.61306488365472,169.8472,8.283316886615548,8.135906
Train,428.8797039757041,463.38605,222.3324234820664,218.32495,8.93715040925991,8.770365
Train,187.32387323532828,183.05821,85.7499509425418,87.29501,5.314144329443452,5.563433
Train,382.65205098140353,375.44736,167.60017260907796,176.3337,8.741115216205602,8.524044
Train,584.4731991868125,592.5307,286.35387524440785,284.14816,6.327495210607428,6.5243382
Train,722.5321226205479,715.45807,318.77017330461666,336.20615,9.52856882249784,9.368587
Train,942.9060322046914,909.2529,418.97691905349393,431.43646,9.853026213142522,9.654882
Train,313.9283785613921,342.9851,170.74928901451153,161.55687,7.4963404287809405,7.4074483
Train,667.5784723658142,668.89124,304.194275285479,316.22928,7.60463316933327,7.641158
Train,508.34407986991147,534.89655,266.0310529215339,253.60316,7.784608383476801,7.8316455
Train,1092.4838757392488,1031.956,480.2153019428491,492.182,9.761984656466224,9.607382
Train,519.0216744135427,535.0745,266.4285914837957,253.61534,7.519496321149999,7.592387
Train,402.1893586072162,405.91583,193.1411077260392,190.61774,8.308035090003735,8.163415
Train,600.4363032469225,587.5106,267.2317944375409,277.4083,7.67857835305675,7.722313
Train,508.95915914794506,496.3748,227.54255118307557,234.36671,7.577046949314806,7.608731
Train,574.8654972467082,583.0108,261.2871792200638,274.02798,9.116768843276486,8.972433
Train,223.23966461503085,236.99342,114.55310016525658,112.405594,5.648712226381328,5.843337
Train,566.2922140830203,583.48895,280.4197226980852,277.35983,7.273786119680044,7.2478757
Train,552.7678630653983,549.765,263.21744286226937,260.83234,6.565101925894082,6.659136
Train,362.0358592776028,355.57013,159.73121233815172,167.35919,6.7404602344792375,6.6626496
Train,593.5395312343618,633.69226,315.0111665702476,302.6948,7.420321126495016,7.4199023
Train,235.5756164320702,264.5897,109.00584338655875,124.61728,6.532196026833109,6.6418304
Train,602.7618862377933,580.6978,272.69937288401303,276.016,6.264640523738054,6.5055876
Train,788.7465102653404,756.98926,354.074681768846,359.96912,7.652227930339502,7.6882467
Train,1134.6433845745994,1144.7168,618.6565660457863,559.40027,9.85215705131885,9.694933
Train,283.7745077203916,294.78906,126.26404906805334,138.77377,6.604860540863712,6.5792584
Train,348.2644268779307,361.27432,168.1484361195565,170.0509,7.306769993911997,7.227996
Train,656.487163591093,655.5849,300.89179582118584,309.9332,8.104181529256635,8.089374
Train,924.8533978357827,898.42993,411.80034599571337,426.3487,9.44539289571462,9.2970295
Train,332.0107437729304,345.46204,156.48923627633528,162.52429,6.9131516208080175,6.872704
Train,421.3011646611036,421.80704,201.57074746751312,198.31439,8.015700074088489,7.9046187
Train,765.4935938673838,737.0235,335.0668964047676,346.26974,9.335111632358451,9.205009
Train,246.65141202897667,263.5244,108.54894951304959,124.251175,6.919673593165623,7.0174656
Train,406.7888361920937,416.29095,188.14915130306463,196.77478,6.011454389208753,6.2049456
Train,1028.0490292818902,1039.9861,523.3857313327742,505.40466,9.335710582252956,9.256099
Train,346.41065643973263,369.10406,188.3064057942203,173.7222,7.744467113771731,7.6140943
Train,979.5768777227244,949.2686,448.91963973763006,458.61316,8.258992898097455,8.492348
Train,314.53106023582734,335.6752,153.14274089706353,157.9665,6.961993946865296,6.9403353
Train,995.8620711933082,1016.0185,544.5458679177505,497.0025,8.781024585505683,8.937388
Train,792.5742923200733,785.9023,398.98083109931576,383.8124,7.003767305725532,7.1473765
Train,484.0544657095605,475.30005,223.2826665116125,224.54459,7.331423592468986,7.4229136
Train,265.2645191757901,267.88437,124.17830640385472,126.941345,5.746214391601068,5.8833394
Train,471.39164861193694,468.903,222.1069101918476,221.55815,7.334585998611709,7.4325633
Train,266.36371982483985,285.78088,130.40450211108603,134.90222,6.2258447706259465,6.2699666
Train,417.4202924846852,411.419,187.2937672194758,193.65486,6.737706634572025,6.73014
Train,217.43709940221447,239.51027,95.58779571837232,112.84302,6.379327828750989,6.5535808
Train,390.449092951018,384.67462,175.71482216673192,181.44467,6.290000136913605,6.384543
Train,406.4429992455679,408.89417,190.97050251042145,192.79218,6.408920948259178,6.485005
Train,786.7619266834315,807.3927,408.36679700789966,390.60748,8.020446036649343,7.9890423
Train,420.4667595584543,441.5882,224.78711946328576,208.27527,7.147531178102251,7.1174083
Train,955.7475507200462,951.1845,460.9686129885541,461.08463,8.491833885099906,8.65265
Train,427.736504973636,427.9831,187.3043909282444,202.1805,6.144630012615998,6.3003855
Train,573.746631081259,565.618,256.5873722948514,265.558,8.935545882565696,8.820694
Train,570.4960035982788,580.36865,284.35671094905587,276.64526,6.990365604622929,6.9552274
Train,454.059702128581,468.50516,245.2151875329368,221.59709,7.126315213265298,7.09218
Train,605.8711458673779,600.8015,271.9522026615621,283.88892,7.622433777008707,7.68448
Train,299.49801526658405,316.15985,138.38470582888982,148.87572,7.062245135582509,7.052137
Train,377.56996375155626,400.83624,187.9720369882868,188.15671,8.744428693401304,8.571405
Train,285.36376035984483,307.4915,133.35320707632343,144.83318,7.063397368888036,7.079483
Train,325.56628103905905,343.97253,160.40916517607835,161.95073,8.270464425789603,8.160708
Train,688.3635738785293,680.61865,335.24626927496064,329.1943,6.769350358812734,6.8626566
Train,278.41489742557275,300.86496,128.6711737663543,141.81909,8.134917903385569,8.152114
Train,740.4121081192084,746.3695,386.04693375934335,363.37952,7.129432942438453,7.1749873
Train,420.6551890897108,417.66437,187.7415414540357,197.01135,6.364837676870729,6.456704
Train,694.5864937430995,688.84894,309.0704918683454,323.90775,9.080982425754256,8.991133
Train,352.03126780861817,361.34363,167.06867571403808,169.96764,8.573479661195712,8.402099
Train,486.83755660236585,491.64957,227.1357272682809,231.32974,8.655960882925745,8.528328
Train,693.4036887311443,670.04974,323.552702007782,323.4028,6.517070030253706,6.680294
Train,664.7893665632981,659.49744,327.0587021487572,318.55075,6.713692027423049,6.800327
Train,663.1976329823524,663.3342,308.4455038790141,313.8029,8.188577883041145,8.189589
Train,766.3238478131229,782.97156,366.25351742758806,373.1485,8.679988087829996,8.640487
Train,757.4152955474952,786.5356,380.7813680653516,377.173,8.524655444556794,8.508839
Train,451.1138775688384,444.64255,201.0966418079111,209.73303,6.47164809416452,6.546344
Train,645.9987089112338,658.39764,313.01713747629947,311.66208,8.84038307523047,8.7658415
Train,1089.1132349568916,1070.3262,510.6865618264521,517.506,9.497935007524491,9.419625
Train,724.0525904221881,702.6563,341.694524217247,338.7228,6.847566895110784,6.963986
Train,319.2989291495145,332.5095,167.70682314374923,157.04538,6.081160940400772,6.2050657
Train,484.3418899195914,480.04477,220.56606063356384,226.85283,6.309389086810109,6.433363
Train,751.4393669508435,744.90814,359.6779041366804,358.53644,7.363732507994981,7.425006
Train,326.4341307745392,348.56067,163.22172880371957,163.96999,6.789657057458617,6.724021
Train,848.1882589451054,859.6641,409.55477254252247,413.28616,8.496272585776214,8.50523
Train,369.8002519679608,395.99194,186.29410677222012,185.94147,8.767136643315823,8.617456
Train,381.91231290333855,383.6462,181.26896797813563,180.69394,6.554827857571435,6.598521
Train,250.5084076859426,272.6992,113.6271129798507,128.43842,6.67374773294932,6.776034
Train,321.5781738542745,321.72147,141.78471625139494,151.47804,8.017138342690938,7.9073367
Train,887.9010924301039,858.1694,407.2794688183325,413.98697,7.738690784153078,7.8728228
Train,313.4562058086625,315.6283,140.19080623009276,148.75603,7.494049400037555,7.371961
Train,382.7755948820294,403.98923,206.97477800101447,190.69069,6.157402682923783,6.333037
Train,906.2900610540564,895.2948,415.2827273786653,427.8326,8.887182869914707,8.86014
Train,582.1320140418111,600.4972,300.264088601758,287.0488,7.093945085496177,7.059925
Train,606.4280632243764,579.566,272.7922172312198,274.7414,6.904821059124233,6.888942
Train,272.25679623851005,287.47797,121.04890485803264,135.32808,6.639933013532889,6.6325297
Train,545.8787887562983,562.6412,278.3436955119842,266.48068,8.63906082804044,8.53634
Train,622.9240564006046,634.6882,303.1411018363242,300.50247,8.694157486003236,8.634228
Train,586.2349412699748,582.3509,271.24100841032833,275.30585,8.132160962879956,8.089035
Train,288.6324811833812,323.26868,150.05114018656008,152.34084,8.335318904582847,8.325809
Train,826.5423871666289,778.10767,363.0700214725263,370.3606,7.448543945059108,7.5947037
Train,426.085144224011,408.69507,187.75815633814048,192.19977,7.2030170493189365,7.1849103
Train,944.7216019590594,912.51935,426.56428743778434,438.19064,8.298056030882513,8.473348
Train,238.73544126234424,246.10878,119.44857800342498,116.81435,5.596714379777331,5.759065
Train,485.73867138947566,480.082,233.9537388670584,227.09865,7.115565508313479,7.098911
Train,368.6103465404356,372.30634,177.37274254693293,175.81572,6.045520623380511,6.2184267
Train,359.5642283284812,349.83856,158.0691579331276,164.98267,6.3726400811278765,6.402309
Train,798.7846100157623,812.82666,389.1007736607141,387.539,9.4929332637296,9.325625
Train,804.5459289046491,823.4108,431.193557491759,401.0109,7.701066902862227,7.777432
Train,536.6108970446055,549.0922,247.856243373016,258.20868,9.076455332435607,8.916182
Train,433.9596662994152,431.70303,199.02832659398427,203.53937,6.492616751608148,6.559457
Train,607.3023323709008,607.6517,288.15019308754603,287.95383,7.950786302371582,7.924579
Train,229.667327455386,257.77423,104.13615697700664,121.49803,6.704395923283114,6.8886466
Train,651.6559315812503,669.9425,323.10446900040245,319.99814,7.382102208372995,7.3906264
Train,915.737042685321,946.61255,471.0084619428634,457.27533,9.588548571688344,9.403818
Train,474.2316555896634,476.39114,208.8133636538674,222.62233,9.161058980700451,8.9197035
Train,746.3768029597965,740.59784,375.7515167478221,360.5571,6.914983430374284,7.017432
Train,369.0180518727609,381.4541,190.72650458048773,179.41862,8.007592295678148,7.885849
Train,340.68380525465824,357.79608,171.24480925683156,168.38245,7.179445309894341,7.1386547
Train,514.3984322898299,516.28845,243.49293470257777,244.12158,6.5943485089293405,6.6615534
Train,758.8983665697929,717.5622,340.6972052577649,343.05215,7.025434908377,7.142866
Train,635.3317748424233,643.5151,318.19937657452425,308.73453,7.072312101486724,7.0789948
Train,518.5379155759952,501.9233,233.39690779762844,236.64049,8.004605868131513,7.964591
Train,611.4825183448587,604.15784,294.34339849530903,288.9882,6.782505548108047,6.821233
Train,978.1700897349618,989.82697,513.9126385861276,484.78937,8.360942430117017,8.595856
Train,1034.7295240462915,1023.58624,496.6907534962124,496.20862,8.998506395916497,9.092529
Train,789.9610411176975,761.95905,369.7887293408369,371.15094,6.700998918251335,6.880518
Train,551.5426848226476,573.9057,258.01895678118376,270.20065,9.227022604094667,9.056704
Train,1026.1883829001542,981.48773,453.5371542277079,468.1845,9.26385870045046,9.213879
Train,851.8890428448492,841.67676,393.56445145767,399.7022,9.696599044562744,9.513008
Train,998.1924634508114,968.152,449.039544318706,462.10233,9.59557680742332,9.438312
Train,304.7130415752513,312.29733,135.39765243020983,146.97388,6.796946918815243,6.761169
Train,902.9840717558608,909.066,447.2618728321784,441.35712,8.268540467276518,8.385712
Train,752.8377186585936,743.80817,342.0307853395398,351.37576,8.548106987826067,8.5445
Train,416.5095144777327,418.61847,199.36495414770567,197.2581,6.518383716980742,6.6087337
Train,625.4909666139182,648.4124,310.159148570836,309.16467,7.40757766391887,7.388692
Train,293.6390992391687,301.60214,130.30914480181028,142.19926,8.385260131520246,8.322998
Train,363.0929685020045,380.52274,194.52953910050232,178.94138,8.317279189695691,8.185413
Train,221.86664158614167,230.6204,112.61174133778803,109.517334,5.551093597891112,5.746831
Train,253.09333152144097,258.65985,111.08467460243213,122.04532,6.286241431604587,6.31504
Train,918.5234704955104,881.3162,415.2054028760066,424.9711,7.826045487307553,7.985637
Train,680.2437826475514,700.40686,330.04740064319714,331.81442,9.002676037286712,8.917147
Train,595.4139883626224,569.96185,264.8474300900708,267.90842,8.583318770252244,8.517507
Train,255.61467203915015,279.43146,127.98772725332867,131.82097,6.276846927290499,6.335535
Train,578.8626808098913,587.8376,289.76420036345945,281.36337,6.5986335000348735,6.6996646
Train,394.9912206974415,409.48047,204.7308679854586,192.6121,6.869435525610864,6.8254724
Train,868.7679529407847,850.3587,404.5762518912777,409.49603,7.974244049921027,8.051729
Train,289.0883359537212,321.3223,150.95425128929094,151.18936,6.714296769001115,6.688537
Train,1003.0653435727662,956.6414,441.6024429222945,454.4914,9.757010143208769,9.56673
Train,345.97009973926686,344.64587,156.03801064482408,162.32709,7.576848475092336,7.427665
Train,755.5278430815024,750.3791,340.63189682993146,353.96848,9.590107518100597,9.417556
Train,346.87898233312853,350.2057,159.65696817073336,164.98785,6.513022399513407,6.5350447
Train,413.0170363119307,447.33963,225.85272870408397,210.78548,8.766059933831494,8.621544
Train,196.1470842307573,199.5533,91.00629726649987,94.89143,5.483875750818787,5.715764
Train,551.1027911971076,549.2652,243.08660655197465,257.38498,9.03945050987973,8.881362
Train,851.2399492106603,843.6107,388.4732436197178,400.4786,9.095498243357628,8.982366
Train,612.19244740234,599.05786,272.9563563157815,282.54257,8.004530319700413,7.97728
Train,453.8830558026656,438.296,198.90946100074228,205.36932,8.458171846027867,8.32437
Train,1112.5544931849292,1078.2041,515.0016790163505,521.4883,9.33137725239626,9.366382
Train,522.6312558877678,509.35764,230.8673420233132,239.11353,8.531620287928892,8.444453
Train,316.07760992183887,312.15363,141.80233842600143,147.36261,6.197393540368441,6.2650113
Train,1058.7064537637395,1044.5657,499.8436204828424,505.28058,9.291685892394405,9.272058
Train,728.5164250455238,737.6357,355.74214985167725,354.02374,7.611343816402166,7.6112022
Train,584.7509153666047,570.19324,256.77659571012435,267.3984,8.946137226628407,8.822549
Train,343.344471314404,340.93042,151.14185996664563,160.48412,7.189396773339266,7.116696
Train,518.4064777973662,564.6013,283.548438471307,267.4675,8.96071454432465,8.838359
Train,685.2189004025158,734.4451,359.34059212179795,350.2315,9.396148493124231,9.238496
Train,461.436468386672,471.6882,215.11181865597317,221.50104,8.90932244378376,8.728111
Train,751.1380751639545,736.34796,337.71828580205505,347.3064,8.545722775280923,8.54195
Train,276.123705229224,284.1958,129.27471268502967,134.30621,6.052984957657101,6.1510034
Train,749.5236404972334,754.3372,401.0830889782021,369.54782,6.87406834341333,6.9758315
Train,452.7730547017102,469.47263,229.0742303279461,221.46132,8.294334380996897,8.242452
Train,970.8375445516944,946.3148,448.0070428616949,457.37054,8.291924331810254,8.514349
Train,546.5430856625812,530.73596,242.27724438211592,250.89204,6.309045100184295,6.5014086
Train,672.3167445679345,676.0418,320.1445348387994,320.27435,8.161129749041317,8.152258
Train,841.7236674477185,848.63995,399.8252146888207,404.4932,9.628011645914254,9.441561
Train,329.45633940647195,335.92877,152.38208042026048,158.24362,7.414759666985192,7.2907147
Train,404.4001788972737,407.91705,192.8894765875601,192.07506,6.664260661559502,6.6694393
Train,874.7375617970127,910.6044,462.364973543383,441.4689,8.816573819877812,8.786122
Train,408.4319328952936,393.93857,179.64256082993802,185.2829,7.109862497787173,7.0478644
Train,333.502993137213,352.6468,175.89116298913746,166.13182,6.52209133325885,6.5393243
Train,418.5066595241009,419.8529,195.3046333636597,196.92918,8.644240789165012,8.4606905
Train,659.8719040759202,673.71594,317.5721037396973,319.0012,8.53962386596444,8.52469
Train,929.528309522026,900.47565,427.5408725219942,436.0721,7.846893392034438,8.024025
Train,572.7219176969813,551.861,253.6055630837904,261.0922,6.940728488244845,6.895371
Train,528.2357318831647,540.15326,261.76026363066376,257.0375,6.322786587274652,6.490026
Train,640.6272037799146,636.1673,289.8540904735932,299.82278,8.504602769088676,8.480987
Train,783.4454694354745,835.536,429.2709706663742,402.72565,9.059151894432992,8.91695
Train,543.8289490281209,539.66364,249.4220753437633,253.93726,8.816773136757229,8.67225
Train,567.1886635317818,561.49664,264.6740040464248,265.49954,8.20867318931645,8.192679
Train,211.78524505077672,209.77223,94.2447567214407,99.58295,5.635236654549937,5.8234057
Train,353.4196844106024,377.89175,177.2970178590494,177.6024,8.694961494322406,8.550085
Train,273.7664759961606,285.01102,120.85308992861556,134.38911,8.06347289134264,8.086989
Train,677.4661671248562,670.16144,299.876629682927,315.62076,8.242161389957383,8.283606
Train,251.89791806671906,268.18027,122.85042546800224,126.77957,6.017512388183912,6.1222286
Train,285.5314965398354,293.01114,125.2061702206567,137.99104,6.91057111704599,6.9318476
Train,655.2300544570996,699.0114,357.74120015470817,335.62054,7.840502115265031,7.845127
Train,279.15343057259264,289.95975,130.90545719002748,136.86191,6.227629610990548,6.2816286
Train,585.5137683271801,616.66113,304.6782243366552,292.43137,8.845146458846775,8.752362
Train,933.7750402959134,938.0015,452.5005331968326,453.62863,8.651774400800383,8.738605
Train,932.679488841792,919.7359,429.336864354475,440.33444,8.967473384614754,8.921678
Train,931.5232008129182,953.22595,472.65822129509405,461.55215,9.010242330140857,8.951483
Train,703.4973539934359,709.62476,332.964087765436,337.7746,7.623083630991809,7.6155353
Train,932.7819694002596,893.8657,417.49689177854265,428.92685,8.099593176881292,8.279855
Train,425.26406860889495,441.34692,221.8224454423027,207.8437,6.757376939548328,6.7482486
Train,249.0370070220332,257.07764,118.34376430964426,121.78299,5.7943629720389405,5.927944
Train,925.7657180396288,949.36945,469.15192513273536,458.35233,9.58851166057149,9.401426
Train,299.9232265354203,313.51358,137.4892335040053,147.71896,8.22516446319699,8.162649
Train,821.525464777792,829.95404,392.5069607960377,395.05167,9.766369165851016,9.562125
Train,287.67865267884144,300.8022,130.50253418167625,141.81966,7.507580615110452,7.3899994
Train,498.5943041039421,507.6985,242.6638997261641,240.08394,6.269882315028398,6.454775
Train,621.918088367947,635.9824,323.0873695290296,307.33954,6.491888232822889,6.6475096
Train,350.46343586980095,351.49646,158.03684958376883,165.5313,7.519567206583029,7.373258
Train,322.0716569087469,336.55258,154.9300116224629,158.56703,7.535009583717407,7.3844814
Train,632.6098780033973,667.38367,327.2636412026516,316.98868,8.967161774841298,8.878476
Train,731.9381331994246,702.0226,338.094962745595,339.09827,6.604116051361934,6.781896
Train,376.40309194854495,388.5103,177.537311529746,182.457,8.755959076366251,8.573345
Train,716.0849872361001,726.6774,366.071307628968,350.93222,7.26823798078199,7.3214874
Train,379.6020491218899,383.4222,185.09861130827568,180.85536,6.247699555163649,6.387258
Train,979.0488448980182,966.1384,463.6890575139885,468.05258,8.485116820333179,8.690969
Train,365.9035888688461,375.73962,178.55298484972894,176.93265,6.641154327426984,6.62045
Train,567.752370623636,578.1342,288.8472962459775,276.45184,6.746844001773045,6.772161
Train,725.6224067764741,732.6296,359.65174965681234,352.94235,7.406371745466725,7.4322567
Train,270.6486385897962,289.3194,124.68781879454923,136.28233,6.517988394380745,6.505335
Train,713.3009515664705,719.3143,339.0860952944312,341.23895,8.434512191164536,8.4542885
Train,680.9818005866373,716.03595,358.1441487547569,343.70886,7.81722097129789,7.8050694
Train,368.0629952015671,377.15854,180.49553961161251,177.51715,7.608442910517624,7.484197
Train,766.2121173808887,764.3961,370.0094011405605,367.38818,7.665215755855563,7.6742473
Train,373.46594780003954,381.94965,184.18464173226403,179.5727,8.356128748510352,8.206524
Train,852.5226131703237,852.39557,420.5222439091741,414.57138,7.69020224736879,7.81054
Train,428.88094513071417,447.1185,210.7807661966564,211.19502,6.20164683921354,6.36784
Train,871.9572107726544,829.6057,386.0412745647144,394.29968,8.076906806838812,8.150005
Train,585.8541834417404,574.08636,258.5051987581812,269.23535,8.990379692906927,8.857362
Train,969.0432048880674,933.6276,430.1295751720396,443.68207,9.463910222297992,9.324703
Train,432.24192454759896,432.81097,202.1725566885392,203.9841,7.433168616690738,7.4245734
Train,875.8773194869661,886.3422,448.52763001597873,431.54242,8.082373286265748,8.165309
Train,226.55207240961806,234.49052,111.51744692639988,111.35132,5.557683530658006,5.7425914
Train,741.7711527921849,695.94446,330.03118300648583,333.59534,6.598885615809318,6.807922
Train,351.4898010506838,364.94217,172.75894771244415,171.81126,7.4987278707531555,7.386091
Train,910.48615001203,880.06024,406.63762846982775,418.48517,8.720066321145111,8.730734
Train,610.1190672860689,623.6622,312.0338583569268,300.75116,6.485794202767339,6.6339793
Train,519.0151458952843,498.84494,230.8860110695128,235.54874,7.516011897875235,7.586557
Train,348.63684679985556,346.84393,158.3455029213584,163.35706,7.460826888167999,7.3195634
Train,545.434297053651,554.5882,270.8850485415805,263.88162,6.577422662457637,6.675421
Train,999.3351201836512,950.3375,437.5055799998649,451.1146,9.602333189102076,9.454971
Train,550.5238843352323,588.29846,299.0075980990775,281.09943,7.194093930346483,7.149113
Train,191.6271173546699,207.62227,86.3151897123958,98.30858,5.809842679292421,6.0285892
Train,474.2050775444652,505.3417,252.961056797326,239.23726,7.555274982417576,7.632237
Train,347.46470991871104,354.7593,164.37503052296051,167.06378,7.552474444976175,7.404583
Train,771.0045496710028,772.6538,359.79813069227856,366.86707,8.512687477811507,8.5003195
Train,292.1924394245456,306.86078,133.63733358674872,144.59813,8.099357125185742,8.074852
Train,796.4033244094114,805.6717,379.9345934046693,385.00345,8.52700823965657,8.522292
Train,823.0371855864437,860.502,446.54541424268416,417.11304,8.479151849065577,8.446765
Train,408.8962938691286,392.42264,178.9266969001708,184.57407,7.132278034999343,7.074258
Train,249.06134767344952,296.31827,136.51163147643302,139.69357,7.173799881934837,7.269032
Train,878.9823795522651,897.5338,467.0878109443229,437.59964,8.204182399198338,8.273967
Train,794.5956063474622,801.2229,377.0825166541464,383.16794,8.351191797602436,8.348364
Train,412.1599190205318,421.16785,193.0077969764151,198.90129,6.161199553995465,6.313664
Train,858.7063048111996,808.73035,379.29183779491314,386.6496,7.435351982152317,7.6164613
Train,254.4260369599125,290.28745,124.4983879734803,136.71092,6.796864157318799,6.9161205
Train,875.1914015702959,845.9818,401.65562207219256,407.6507,7.698841474549046,7.8277564
Train,554.8850254897548,588.36896,283.45200611239113,278.54684,8.887808584422773,8.780287
Train,746.9571179408341,743.23254,368.0366675796684,359.6925,7.208004356726386,7.2625628
Train,318.64634150562495,307.36734,140.5717339709658,145.32124,5.960277124228711,6.092504
Train,856.4598557635464,848.0234,394.1526524121174,404.20447,8.728560983032306,8.703734
Train,689.2032964585246,689.5342,321.2811862869593,326.72125,7.778781556219172,7.7582655
Train,632.3692309917349,637.46234,315.6460518535706,307.846,6.430910290289324,6.608038
Train,564.8400498225246,549.6102,253.5237762569022,258.3836,8.682956325664875,8.602267
Train,787.7547067578055,788.8291,374.0808950230594,374.69614,9.351691555546203,9.220016
Train,500.5430048189372,488.7848,221.3569751930532,229.03168,8.79974029119817,8.634601
Train,257.8018880039412,266.59592,122.69853085725111,126.11215,5.943421386785123,6.058208
Train,599.2571826619165,577.35547,263.9067694691092,273.05826,7.042001648708131,6.984316
Train,269.68023544932026,304.92496,139.6460503716557,143.58241,6.89048882149485,6.9770217
Train,1014.6467055933872,977.9064,452.7079590500607,467.15552,9.361224810036072,9.272209
Train,856.6334570458098,880.42596,459.0750288665884,428.5489,8.255435510853022,8.284399
Train,432.70701091392544,434.15424,196.08960871375464,204.94357,6.289647182453669,6.4032345
Train,782.3757053617475,812.7387,401.4658836476607,389.2495,9.385691513341568,9.215893
Train,641.2029037679919,642.33167,313.63092935546445,307.8125,7.019545046676738,7.0436344
Train,773.033714675597,775.6202,377.4699669859443,373.439,7.733831459806937,7.7402606
Train,288.78617619375666,303.26965,148.0545684964667,143.34416,6.03587115450081,6.122459
Train,605.5947248836893,614.3674,296.54277640882,292.88684,7.167951947492575,7.1410756
Train,740.2324926090358,719.809,340.85040041104634,344.40475,7.225383280126905,7.306096
Train,800.3837046001736,808.35693,399.33154194553214,390.88464,7.836768230426873,7.8651824
Train,829.426772842341,827.1524,385.884580594612,394.49783,8.599471210260933,8.593815
Train,714.6998335512853,693.32947,312.76312402776585,327.74167,7.36212390754944,7.447249
Train,395.1229991281437,401.3425,192.44932901900967,188.75697,7.125996589713777,7.070745
Train,1153.9432143545728,1159.5126,617.1705777583816,566.45807,9.937548420241107,9.76905
Train,694.9791299014357,691.36017,317.438154525846,326.1846,8.777444310236367,8.732888
Train,708.2563725843094,704.4153,349.11255054763006,340.366,6.9913138827736745,7.060495
Train,429.3728703631015,417.2686,193.19427799612535,195.83705,8.206922073204444,8.083944
Train,1081.0076988589533,1053.1533,497.30405707360296,507.64163,9.432482700981035,9.357128
Train,583.2491755157513,554.0167,255.42698492790143,262.12152,6.21570229504234,6.4369082
Train,766.597722340406,768.411,403.0057443297791,375.40768,7.110377578607426,7.1750193
Train,631.4865201499769,659.8776,333.7118235961054,315.32516,7.983235698779767,7.9602947
Train,1080.2063794610108,1057.782,505.4424771033037,511.28534,9.384514795581229,9.333797
Train,642.5016192565414,634.33215,282.0932647540636,299.09573,7.690321560599121,7.714695
Train,782.2852862814491,785.3424,414.1233528911927,387.19226,6.591906320533248,6.8091516
Train,458.0954762151945,455.38214,204.505016449545,214.96434,6.356339513044731,6.477493
Train,363.46028723061806,349.705,159.12408538749702,164.57135,8.472945667760767,8.269228
Train,482.6635573387389,472.24188,212.39206337812675,222.11755,8.001013254046319,7.9764733
Train,1166.4653411577624,1126.112,533.9340396714955,544.00745,9.791556805680672,9.680161
Train,865.0224948828583,843.7507,384.7139099575211,399.5131,8.990148719757945,8.908491
Train,991.2651346815009,1014.732,532.6665582559451,495.16522,8.979006925576028,9.048932
Train,702.4515418069607,670.97784,320.2631610515959,323.35724,6.44816965672151,6.6415052
Train,695.3744919330982,697.70795,311.9362579742434,328.45428,9.148551582796848,9.051068
Train,499.0138665847842,486.35007,219.13106244147951,228.57352,8.074103916329786,8.073081
Train,806.666206925233,849.92554,430.64809593534056,410.23492,8.863851939361794,8.783434
Train,1016.3673841849854,1012.64417,483.6029776494422,487.92462,9.827246276872954,9.63213
Train,495.740525174493,530.42633,271.64484076732566,251.11186,8.633053570848457,8.536288
Train,733.8794741463753,719.5217,327.5784937785755,339.05383,8.656929422832361,8.640219
Train,266.2324401842471,297.5405,131.19456931983575,140.12442,6.874238783599406,6.9532056
Train,681.1549854814069,693.7171,329.018094135095,330.04922,7.950269355276234,7.905265
Train,607.3194216796935,647.0018,321.1337448334449,307.79086,8.71012442902119,8.6516285
Train,953.2257446017928,963.2282,461.22385372072114,463.68268,9.709080109254105,9.521017
Train,302.6726205430057,300.32388,133.3536586925477,141.67363,6.314380110687487,6.3492217
Train,346.1826121706579,344.5567,153.38470390126892,162.13531,8.67119231934234,8.4815445
Train,755.7708294936097,797.3984,399.2801421453784,383.2773,8.727742413558989,8.650926
Train,864.9089069197508,874.1681,446.9963182060507,426.30164,7.796932379787276,7.941297
Train,544.1658787223281,528.3488,246.49946374186905,249.96416,7.354214689213127,7.4030285
Train,556.1377439413833,566.1577,276.65028313834506,270.64227,6.332474991290458,6.506927
Train,1009.5790542287302,1002.48016,476.5795190321598,484.11017,9.128290980572014,9.107213
Train,515.4790533375867,544.3263,257.2102907492287,257.08997,8.924390386186762,8.789287
Train,623.0751178589946,619.6613,293.02173427114275,297.7853,6.2480004261691775,6.4897003
Train,1032.3763336999268,1042.9312,523.3302304187173,505.59732,9.892451069707544,9.675814
Train,869.5154835268623,878.42944,418.8725429973794,419.84796,9.76788785789024,9.547722
Train,674.9039242258548,674.99115,312.5778656175186,319.33264,8.054216072963593,8.036424
Train,497.2368039778033,534.3427,252.38966835391736,252.36292,9.029969064382636,8.876603
Train,557.8387538629826,554.05365,265.96213580845307,262.17612,8.293441516418337,8.262495
Train,376.3382176745444,372.38467,170.55621000488503,175.23595,7.293769950605029,7.2029214
Train,869.2456706010331,818.8436,383.9857991642767,390.33963,7.762975121156015,7.858101
Train,1016.2468871739072,1027.4081,526.527563976595,500.92154,8.975963550165371,9.074819
Train,604.0163700975787,596.758,276.07301728155784,282.62814,7.162050057650777,7.139105
Train,417.0221194333325,425.4076,208.95983858332093,200.28073,7.182277608337116,7.1406307
Train,383.12338913399526,374.8189,171.03132673484282,176.404,7.50050602813744,7.3914433
Train,283.5489456177014,316.43442,145.23606578011555,149.04301,7.113738116153401,7.1425776
Train,842.7196180883553,858.11847,406.7031474382533,410.46683,9.306018939001577,9.159317
Train,884.9384600576107,879.5063,412.0610300900763,421.24216,8.65352550647501,8.661525
Train,811.3022889781316,796.54675,379.8375492302087,382.72754,7.744466392495706,7.7796783
Train,484.8119521539082,479.74524,215.90649752728703,224.69424,8.777607418658695,8.623114
Train,518.1224832957438,500.47293,229.45803314463865,236.07564,6.685838454684196,6.6794267
Train,1117.5860443298857,1115.5258,575.3498570172233,544.3245,9.522139760232038,9.499697
Train,617.4174526948738,619.1284,297.41651521254875,297.67484,6.344378072520364,6.554702
Train,939.8388186385408,925.4957,449.5987799087486,451.12616,7.843805889880043,8.051008
Train,907.9570201290626,898.8515,437.3978533420273,436.94107,7.9357478004133695,8.08412
Train,585.1507181356183,571.4837,257.22014291815464,269.84378,7.263779660635533,7.22378
Train,436.7233798285884,449.16812,208.37272864772532,212.15607,6.235611473687151,6.3742337
Train,366.28252693460126,376.5348,175.06147231358145,177.09172,6.877596543871923,6.800436
Train,871.6108241862493,851.0148,388.231830170349,403.1303,9.002503412561843,8.931205
Train,492.9222196544122,522.3817,251.3841867996993,246.73059,8.925149364108073,8.775018
Train,404.1407756529533,420.68732,222.19828562782453,198.26167,8.087432476401077,7.99035
Train,497.4173628945372,501.64044,250.13612722137373,237.53238,7.0045619663069365,6.967927
Train,615.4902178381501,600.9062,276.09318337114286,283.38992,8.150419073208447,8.119308
Train,1029.0963950738933,988.3203,457.90687210025743,472.02725,9.418164435782588,9.320144
Train,579.1195380001776,559.1441,264.2845917851379,264.9512,6.647314696305544,6.7173786
Train,567.9614588208717,546.35095,251.131138207936,258.3755,6.834714703456305,6.828391
Train,711.5494981395319,699.9679,315.9704631565335,329.2591,9.074012884257124,8.98575
Train,1024.697920547972,1026.2488,498.7766541898875,497.62042,9.180738700165316,9.17784
Train,254.95245129980026,245.8879,112.5925883776712,116.59755,5.725012425406782,5.852128
Train,653.4633801801506,678.411,327.3800420300015,323.25842,7.813977008287723,7.8241844
Train,545.8350962013246,544.27606,254.2496117112569,257.11203,8.206903412088204,8.191881
Train,731.5601631647731,717.7848,323.9086897916723,337.84598,8.259073584929007,8.28045
Train,483.2348834884248,484.31534,225.81428415564528,228.34293,8.213487439143158,8.178118
Train,1066.7094802009065,1033.7073,483.3958502312026,496.4977,9.547983064957595,9.434071
Train,635.7514737268016,632.77106,294.9608543332255,299.90375,7.229883326576222,7.256025
Train,310.73790364388424,305.27798,137.6754429405051,144.16695,6.159358518206784,6.2258525
Train,244.1896680191653,252.17094,110.77210695832588,119.22598,6.032273880528896,6.1195183
Train,935.9387115262798,964.05096,481.1921079088716,466.68875,9.371153920705757,9.230641
Train,832.6427175937714,835.9184,440.0986027474081,411.40332,6.989859726926906,7.1839714
Train,264.5570111391171,280.96375,120.22923657013732,132.45592,6.389345170100992,6.4090047
Train,677.273838640582,635.1465,297.61185780824144,302.59863,6.379744951204399,6.607802
Train,345.4115126660679,338.02466,152.7484528056197,159.39479,6.359638892530604,6.410877
Train,786.3403748482406,790.962,429.8654459799354,389.10928,6.84499387126079,7.0052056
Train,430.9392859458886,467.4224,227.08165630011865,220.29947,8.876580321112673,8.737716
Train,226.0618336036078,226.3564,101.29916674093238,107.27106,5.785397386761146,5.9351115
Train,266.6417596756744,272.2171,121.62021463053358,128.66078,6.076260014772638,6.142796
Train,408.7841693811096,401.50253,183.81433435233208,189.21083,6.467585761468326,6.542956
Train,553.6194970160055,578.5836,295.0724981429087,276.6206,6.964045608852827,6.9289446
Train,530.3521355512028,513.36115,238.3476292540057,241.62509,8.145448287099553,8.128052
Train,815.5605529581371,800.3838,366.8625559545223,378.6832,8.966396462194894,8.90512
Train,543.3276856476962,530.3667,250.22921123460023,250.43192,8.1746597496933,8.153046
Train,973.6630978760963,1002.9755,521.6105395887938,486.88684,9.69435061336285,9.491994
Train,227.77503264918005,248.46095,113.44083949863989,117.46092,5.984417232627343,6.1279573
Train,589.7452625395565,601.14355,291.6337603590446,285.10312,8.22070841339537,8.179016
Train,855.8665700281995,835.7755,402.0252535343397,405.7409,7.275399858882668,7.477261
Train,635.1840429158069,641.7752,307.347367191869,306.51443,7.220010684595573,7.1950054
Train,731.7872267688113,746.1057,352.22451172399644,355.08325,8.550158115181695,8.542298
Train,223.60984414311451,217.96751,99.30098255010654,103.533875,5.594735433008643,5.7584486
Train,807.42956640422,775.04706,355.12312093982183,364.97742,9.54201052847044,9.383646
Train,599.4714973757723,650.7324,321.7866002456231,309.17056,9.065240515241838,8.95278
Train,501.5869470057664,488.61642,225.76638097049343,230.33157,7.993941414531669,7.9481606
Train,704.3145756267487,749.5948,387.3250610290465,359.7745,8.72756383768576,8.653707
Train,641.2330173652874,653.0111,292.88772627657926,307.5934,9.385245687452866,9.233165
Train,644.7173616732443,660.8044,301.08443882895614,311.91165,9.293270360518283,9.1603365
Train,806.3396243747412,797.18616,382.60658840159647,383.47897,7.761818662766421,7.796226
Train,269.0937215515804,289.976,130.56660740493663,136.76892,6.342222201607623,6.3602204
Train,350.8229865231136,344.78894,155.2493252122234,162.31448,7.249936658701277,7.1497073
Train,294.3075027668508,318.6326,140.1693086920519,150.05055,7.953313023837008,7.9311748
Train,467.82038748022256,462.2847,209.6150601677418,216.56952,8.709116744488318,8.556595
Train,650.4749780516229,648.38947,309.82738437613864,309.7492,7.127504462807955,7.1327677
Train,633.1578634301758,652.345,309.77960305091034,311.027,7.368362182454871,7.3683214
Train,846.3562108132202,868.6799,430.73192501479946,419.8713,8.464734022199004,8.457795
Train,825.8995979683165,814.3386,402.9444157591423,397.36758,7.08293337422398,7.2605033
Train,852.9277828203158,842.641,386.7401314765133,399.73514,9.119417894603671,9.01498
Train,697.312325075839,697.52655,356.5664286040385,338.71457,6.790312038053223,6.896154
Train,614.1795406354106,609.3049,278.2149747591957,288.0167,7.80665448180907,7.8234777
Train,932.2056655157566,928.26855,461.1563757694374,453.08813,7.91617919554348,8.1261425
Train,723.9125613241965,713.2681,328.80416104387865,336.5883,8.433584350631795,8.445988
Train,236.2913778962171,261.30844,104.60576959283082,123.26965,7.022915907454465,7.146367
Train,556.9159097081107,542.2986,249.9236916746804,254.9071,8.658842906045479,8.580376
Train,513.7716610901144,560.1457,256.2225209503662,264.47507,9.196668817970458,9.038545
Train,810.3977798647705,787.6391,363.1642017865458,372.70667,8.28806170472181,8.313978
Train,370.00738317784425,356.45877,162.81172699969883,167.82498,7.65143719067308,7.502809
Train,943.998070431635,935.4027,439.50528633490273,449.5277,8.82401133004044,8.831985
Train,317.98404369841563,323.19208,146.09976131427797,152.38213,6.40687077108966,6.416678
Train,598.1063009356527,595.37695,271.1677848999313,280.99496,8.136321592546613,8.121396
Train,1108.1398021894267,1068.4146,504.3564521215328,513.5635,9.960661166205249,9.762767
Train,510.5237236910154,535.0313,265.2693215980707,253.72922,7.892944347937789,7.8614864
Train,575.4926500607733,598.63525,310.10178108760203,286.84598,6.945865203864496,6.948185
Train,837.5923412531877,843.0136,426.7067852739542,410.9476,7.559675524363201,7.6945567
Train,1192.8509149316938,1188.3563,635.6573099581304,580.94055,10.030620407196563,9.870177
Train,727.6997083070189,712.72,325.3971000402568,336.5455,7.898490761052525,7.859944
Train,802.4450767923671,770.0353,361.2523393826357,367.8721,7.510426183322963,7.597048
Train,465.2254300722368,460.51343,214.15106233851623,216.8249,8.162111597571041,8.112005
Train,935.7662926139172,955.308,497.5429742340345,466.6925,8.4298425239469,8.580283
Train,799.6360098358925,819.41284,406.1388836533143,395.3137,8.241005962913011,8.175536
Train,995.7450118931376,972.755,455.2688986810151,467.32092,8.973182949410573,8.982414
Train,585.1734676309881,616.7207,278.88387324994534,290.89374,9.386307974881444,9.211547
Train,745.2612434157638,737.7118,364.2578406875932,357.35437,7.058135475348057,7.144423
Train,857.8684979579948,836.8229,388.0766728445757,396.53592,9.796107971032235,9.598004
Train,257.42774397504775,282.2275,123.31103106856423,132.98419,6.418760074632983,6.462865
Train,505.5504280153446,541.02454,257.4440512613721,255.71045,8.950990323676324,8.81019
Train,312.16451547079834,310.75452,138.11527720198598,146.42331,6.510724462786037,6.486133
Train,326.127122881891,338.7756,156.38353184758907,159.53261,7.286559931887825,7.20911
Train,543.6157984391944,524.11285,238.43299162366895,246.99086,7.769701292566498,7.795858
Train,673.4811394587302,680.1488,318.2341864792532,321.8691,8.41999750195858,8.438315
Train,454.4823644779237,446.29193,203.93751377788536,210.58368,7.351359550148183,7.3969955
Train,559.9719521876573,560.42163,267.28208248061003,266.71472,6.306862680755767,6.5142555
Train,457.9886186114734,451.01147,212.7169479085389,212.46884,6.957358066339038,6.903043
Train,866.4796748678824,856.50946,403.55156994323767,411.30988,8.249822117336569,8.300822
Train,719.4557873514576,732.53986,352.0408650246137,350.43735,7.785140365643262,7.7433066
Train,647.5173605346946,657.5696,310.0796236986965,311.5268,8.197093589630828,8.183017
Train,987.2479412467349,1006.9982,515.9885272831345,490.1734,9.03492854471461,9.057944
Train,247.10055041787967,267.91736,110.1307094148371,126.394135,7.384482501240036,7.4184318
Train,342.4095619711342,350.6694,156.77577233511295,164.95479,6.788974295865916,6.7351055
Train,301.09241925267,310.02142,133.47173373537788,145.97008,6.994081285979802,6.9907174
Train,816.9589513452904,834.13153,400.7415741713699,398.40598,9.58019578336662,9.391646
Train,729.1023333423263,746.23376,364.34008231077206,357.50925,8.142154478669314,8.057254
Train,469.7498541055349,486.59338,233.9544218288857,230.06041,7.479465025712402,7.5787296
Train,246.32115593168646,270.53375,111.63406891022618,127.448715,6.728335740280368,6.856232
Train,873.06401870633,894.5952,445.1878144059915,433.11243,8.530111914140894,8.557474
Train,743.4105399206351,721.19934,341.7188954932367,344.7042,7.256438051242823,7.341334
Train,453.3429802388168,448.48105,206.93710689325627,211.11148,7.874316489611871,7.7918124
Train,309.92909148482914,341.68695,160.31696166886536,160.9375,8.496664874651914,8.420877
Train,341.8819029879493,350.16986,156.80246145978697,164.77629,6.744556792265303,6.6893625
Train,378.5512309553675,377.34998,174.89953628679834,177.49606,7.965820645716641,7.8055463
Train,687.5575271776908,669.25037,301.421547070431,313.94385,9.05490577024779,8.963832
Train,689.2642231174377,681.14453,315.675522876864,323.5605,7.305395809643646,7.360818
Train,244.19864112918788,262.76038,108.28216398856631,123.88452,6.884599965158324,6.9919534
Train,791.8752049960997,803.6836,374.0442081679933,383.07025,8.73025002036924,8.689642
Train,203.52211913631936,216.56154,99.5268032571559,102.81145,5.575577585336976,5.803006
Train,292.7998197991945,321.00018,146.30319510788178,151.24925,8.263224369533173,8.237446
Train,683.0501483978896,692.0721,366.1090512915969,338.25433,6.50433930484506,6.6574807
Train,871.2349820205762,844.88654,386.3813877533528,399.7951,9.31560278947549,9.195021
Train,771.3833998324538,778.0134,380.21946587223874,374.89072,7.7813621942986595,7.7762156
Train,380.02359955561207,384.5831,179.6813592078545,180.90302,6.81778927429207,6.7838726
Train,793.0702752296932,747.6461,349.86254577604547,355.97446,7.283708371959444,7.414223
Train,780.5366095481318,760.39496,350.39362892933013,359.24728,8.30233040058077,8.292652
Train,1087.8202592339087,1037.733,485.5373039268282,498.83273,9.085877279964926,9.198923
Train,590.4022090112809,625.4647,318.0180278614615,298.45612,8.03183008359464,8.008649
Train,830.8161066071266,850.9104,442.8624575944422,414.1738,7.982760439444706,8.032908
Train,995.1085272897378,956.5275,442.0884704778607,456.53247,9.001102312052529,8.997862
Train,1095.060654870109,1088.746,535.4778309954908,527.7615,10.007604771203424,9.803179
Train,561.7840640886402,564.288,268.7570486937767,267.4918,7.920896342233133,7.869719
Train,488.9592710098621,489.05392,216.3406157665833,228.69048,9.060162398131231,8.853348
Train,504.36116271290666,493.86902,221.8765123135534,232.46552,7.924275045209465,7.9360332
Train,384.5066725108022,398.72073,198.53811949666823,187.34995,8.223552124314574,8.094818
Train,732.6965758947016,697.3791,329.8296857615451,332.9243,7.0335639585067975,7.1155734
Train,1086.032657957163,1047.9915,492.9036164547678,502.90173,9.966767794957804,9.761942
Train,293.6331993180556,316.6695,147.02099820080792,149.11157,6.568135946861051,6.5666013
Train,515.2653599849584,541.6047,241.7934230624653,254.72171,9.20847331435714,9.028669
Train,462.92669600715993,460.09094,212.707072441792,216.39928,8.218573530504361,8.153041
Train,466.109220109048,474.72482,218.4999382802189,224.03337,7.678145755189368,7.7156157
Train,724.8676677074669,704.46265,322.64449384690005,333.51102,7.410371127142547,7.490109
Train,964.8253568360074,967.20953,492.6929508164921,473.06036,8.198700049468517,8.411428
Train,570.097047265354,569.6478,273.15956686163946,269.88144,7.568528861703527,7.659989
Train,607.5742305712225,593.94055,282.23108545850926,283.58926,6.401655795137027,6.584548
Train,411.2671007852086,427.0911,215.80280884015264,201.28453,6.530915216149484,6.599529
Train,279.49940668888144,287.4493,122.95870696978699,135.4393,7.01163201186692,7.0172944
Train,1048.145081038088,1055.4834,532.7189903609376,514.10846,9.207678913623669,9.246204
Train,553.7519847581306,531.9657,245.8201056794467,251.42921,7.191590243918757,7.11719
Train,246.61370429533457,250.48842,110.31800371072069,118.498764,5.985606535053972,6.066832
Train,354.5406842504317,346.203,158.61023704121902,163.01317,8.395513468317203,8.215648
Train,505.62915950710703,500.29834,230.6091519176181,236.47993,6.32183388267351,6.475792
Train,709.29028759811,692.8239,310.4071366741752,325.09134,9.048899561617429,8.968843
Train,693.3155039155661,709.6442,339.08613839576435,338.36166,7.984736187076381,7.930048
Train,1068.7657175370484,1074.2565,534.1503825766442,521.44464,9.780174251191143,9.607289
Train,467.1566043566489,480.1455,219.8252566093662,225.72025,8.959907861586297,8.750191
Train,407.0378075706711,411.6438,192.73715734265815,194.13013,6.35830849752289,6.469063
Train,373.1104795084529,391.49387,188.95752486229367,184.9764,5.978011155507358,6.169331
Train,882.8057938405764,844.79504,398.1576269724613,406.67935,7.557185155300013,7.7322187
Train,392.24679467048696,412.85303,213.0159613199715,194.75963,6.285097979768077,6.4375
Train,669.7859750983256,678.6982,304.15284100612683,319.5312,9.31259249305012,9.181534
Train,637.77362762575,653.3874,308.85230019279413,309.4995,8.34322883534974,8.338333
Train,838.4557875241127,800.69775,375.1641939317022,382.65494,7.651806259943399,7.742452
Train,338.02275886903266,341.85623,153.5698921640043,160.9084,7.141735987929055,7.07704
Train,343.3911600294131,357.77322,182.33704233781023,169.09058,5.901278077675527,6.1098647
Train,303.7980691456657,326.34482,150.74030336865783,153.78418,7.534027307832529,7.418075
Train,900.1495243764582,900.4902,451.090702602022,440.98584,7.502790585165831,7.744267
Train,372.7469736330914,363.99872,163.97806439749831,171.76556,6.188656707581786,6.3186893
Train,484.2179114429194,460.51492,213.21409685745175,216.93384,6.930077658003097,6.903373
Train,833.3483632855274,806.71515,370.6403157241627,381.2707,9.202217092272146,9.101965
Train,550.5151345752616,559.7846,267.0169534680373,264.75247,8.512006253664712,8.451405
Train,434.12807573269697,412.28735,190.6666171298696,193.63351,7.98823223331985,7.863198
Train,404.3858113093106,400.58066,184.5176646633821,188.43251,7.556813553048705,7.474014
Train,385.8505646604806,387.65225,185.4953598100373,182.5307,6.603981468400834,6.64118
Train,819.2726138773578,824.38385,385.5249003174124,393.16257,8.805517057995912,8.739667
Train,461.7695990231337,474.86234,250.7638597464717,224.71912,6.849886570262348,6.866246
Train,827.6345902679116,873.6627,450.3460697508218,422.25464,9.125902743354503,8.996043
Train,731.8575587391201,730.952,332.4897092323945,344.86322,9.3955358969378,9.249622
Train,243.68979895237783,261.50977,108.40963618135049,123.204056,6.405252039950973,6.470039
Train,1073.298766706895,1011.37103,469.74715090314527,482.29303,9.285952605245198,9.246077
Train,437.5322689903425,444.85037,214.9692271738925,209.39877,8.330799814280693,8.23519
Train,674.7345127991315,735.05096,363.59991128155184,350.68292,9.515364819463354,9.337568
Train,748.1089892931235,739.06586,355.58335727688814,355.47263,7.351471227776635,7.402506
Train,579.1961966730271,589.4209,287.31077671954296,279.8154,7.999270886545786,7.958995
Train,666.0374011792001,665.87756,317.8597552865952,318.1325,7.182141534204153,7.208961
Train,305.39737722898104,325.12033,145.6087063052471,153.08862,7.918184965363129,7.866713
Train,550.2690948436281,556.17126,263.3154862057333,263.46045,7.648102677687935,7.7177525
Train,457.5322566685373,471.3073,210.3118293517232,220.89386,9.050331197127658,8.841513
Train,1018.7915106876594,1015.4568,488.3790419580437,490.16022,9.57271592997014,9.413355
Train,600.5338922968197,619.0547,306.93632874896707,293.7605,8.546066530538354,8.494096
Train,836.118455982328,882.0869,449.1676758647404,424.80255,9.722053768990875,9.472713
Train,398.25946223558566,385.5808,177.36371293491496,181.12439,8.538550799088306,8.340006
Train,613.0207780317202,609.9944,273.8238668435393,288.25055,7.268767557780761,7.2638154
Train,579.849328032619,581.55945,285.13925730667063,277.3486,6.831190484194519,6.8484297
Val,1148.2629390389216,1125.4474,546.5176964327775,545.29846,9.929139252880114,9.748177
Val,1016.7704592774404,995.52484,466.05067780063246,478.42242,9.20362301578784,9.15158
Val,375.41845472292334,377.00165,173.87770345412872,177.23764,8.40119681664681,8.220821
Val,1004.7713845279718,1021.2353,540.1705191356808,499.84366,8.707816651480032,8.906569
Val,274.9691194814707,283.47113,124.98976594378362,133.77188,6.29749165790164,6.302507
Val,690.4018122098007,723.7463,358.90897978442024,345.572,8.756507602180353,8.692462
Val,204.74764426436366,195.39891,90.06299928681767,92.93558,5.528556223798783,5.7123775
Val,410.427031611942,428.69647,216.4967805894185,201.8682,7.621800158221897,7.604375
Val,505.17921059147136,544.23584,253.90887673422577,257.0678,9.068796908523634,8.909559
Val,617.4446701969334,621.16876,298.2543374333852,294.58038,7.98679995950973,7.9632936
Val,804.0621204819312,797.84155,394.5960629411846,387.62564,7.269424351937077,7.4003983
Val,975.4813923981436,950.64307,439.5338619601066,454.09106,9.274470705847278,9.188593
Val,248.09132961054087,259.56073,117.75995236633014,122.75249,5.9824865066563495,6.088359
Val,553.8841903091645,544.45154,251.15043473801816,256.6553,8.197583044533062,8.192629
Val,284.2673823666301,287.66806,129.39288006395248,135.82607,6.184311262233208,6.245736
Val,935.2464858104588,935.14044,464.36419123101206,455.8026,8.132252911550802,8.315019
Val,1030.7750146905516,999.9163,467.4264132932042,480.88437,9.004556504895685,9.06709
Val,794.502318531599,777.0623,383.07409552298446,378.93655,6.877171453214839,7.0380855
Val,674.9563990101583,694.10175,330.22704969417435,331.13113,7.611337162949154,7.59581
Val,252.0687661603493,283.14215,119.28394567379917,133.3755,6.808593289688804,6.9267
Val,776.9203964738899,757.9895,348.80984721083024,357.74203,9.069797028006514,8.993977
Val,576.017688643207,592.3689,297.45248793226665,281.47086,8.105306163598373,8.065895
Val,870.6741956266868,821.15784,381.6114618597292,389.13034,8.024467710518607,8.110651
Val,309.96066922236923,340.38162,169.57031172298758,160.18437,6.68336334809155,6.6637206
Val,228.2128987869553,262.9056,107.16837683741602,123.803055,6.426903801314449,6.5364685
Val,1047.0579969598273,1046.4685,514.1941611497548,506.1042,9.962264601105987,9.7319355
Val,245.06922087988892,242.43544,113.19951996507965,115.05516,5.595002618629935,5.7814
Val,570.4823888836421,559.8277,262.5966933853537,264.94604,7.591226135254298,7.6682
Val,876.7919407813549,836.40784,389.47202939306896,398.3415,8.057946473004584,8.143701
Val,236.9828153142787,246.44337,123.98858460805693,116.96124,5.584437733030827,5.7673755
Val,546.8895235274418,565.3053,277.0134563982572,268.79492,7.393232020826841,7.4033403
Val,691.690453296176,729.64075,366.1571110736711,349.36432,8.516246153018283,8.48673
Val,817.2922026130013,802.7757,370.1306722474228,380.8064,8.43100602895097,8.47032
Val,347.09709587692475,360.29083,177.43422035010468,169.69249,6.583903366278885,6.576509
Val,855.2464283497998,827.3361,393.790573755608,401.1537,7.163802703756062,7.383272
Val,281.6138587719619,316.9455,151.69628010545483,149.18425,6.860881256796324,6.9258647
Val,723.0337538093013,696.32654,337.2601286834981,336.72083,6.550674445887805,6.7382407
Val,275.5527947037272,282.4048,120.67063328974598,133.11319,7.859657030827661,7.8751955
Val,363.5998605873728,373.28174,176.9685904655787,176.38985,5.93479662328748,6.1270266
Val,520.5981752079058,505.81714,234.3801397762305,238.95831,7.624082977569764,7.67881
Val,1043.6441554685043,986.1933,457.4553925211979,470.81888,8.940534842440323,9.030248
Val,597.1754564469879,611.4923,273.0280162506296,287.71246,9.197051156029248,9.060969
Val,573.866439050344,603.8756,309.8115730818112,291.2483,6.2494702572101,6.4832296
Val,279.2344051677679,311.0005,140.70672757718876,146.46468,7.014827200753718,7.061345
Val,344.90459223443474,362.95316,174.93953402228237,170.87831,7.473633274577087,7.375694
Val,564.0895069390418,585.99884,258.850393467422,275.5448,9.313286317381776,9.13222
Val,670.4527278030852,681.18463,318.6802135634794,322.22266,8.765873830647834,8.715097
Val,970.4124139433984,935.53467,440.20188494161306,450.98856,8.206249669026661,8.432979
Val,677.716467182988,719.5468,351.5020303746853,342.71133,9.187766690327216,9.065871
Val,386.9142042839532,370.12598,169.63288508545824,174.19098,7.331909501169014,7.212751
Val,693.7566502798664,683.3527,308.0361596340741,323.01822,7.453801964315464,7.5021195
Val,678.3950873377729,693.09454,352.0062905568452,334.6185,7.187654052297498,7.193397
Val,288.327463612164,305.3556,130.85309041634326,143.9392,8.304050043893838,8.268245
Val,388.0711570733038,398.69553,194.4208771392805,187.2801,8.408611967533274,8.2551
Val,725.7836990645256,710.7481,347.7402724052245,346.6051,6.338307497392189,6.584924
Val,436.6838376577384,424.37177,197.94960227787337,199.06828,8.373142306332257,8.23388
Val,418.8466016163271,404.5408,186.63735660354587,189.83842,8.57859514118552,8.384167
Val,857.3016978006513,809.70624,379.1781999642735,388.51114,7.215124472197813,7.458813
Val,784.3986193247702,759.6176,344.62658656292126,357.60492,8.396000750609511,8.410437
Val,659.1846698594236,667.431,317.40143572854254,316.72824,8.080018680377425,8.055362
Val,592.5866910058681,570.01575,263.7733370589292,268.0383,8.511800896357322,8.4657955
Val,751.3286243071142,786.87775,388.2922259095198,377.92685,8.545343746134167,8.517331
Val,374.3189359114192,369.3323,169.68310758334536,174.22139,6.268848781735854,6.3702936
Val,326.888084801365,348.81302,164.88386695600607,164.13431,6.7124007400939885,6.6892257
Val,1078.3253267779726,1080.3828,558.7182337832468,527.58826,9.19063850229396,9.281559
Val,209.44310654472326,220.56825,109.42317403420486,104.870865,5.455216772397449,5.6676526
Val,222.85674719481426,256.74915,103.73194722027381,120.92154,6.399963040879414,6.516997
Val,421.1732886989615,424.59763,204.53417366345985,199.87692,7.778911556296242,7.679735
Val,421.82704567593294,410.86353,189.2031810106722,192.87785,8.221582199827862,8.084557
Val,652.726305922396,655.71185,296.4921857280776,309.41644,8.378458365766399,8.403596
Val,308.10391593627355,330.33347,150.28697143953283,155.66826,8.435372097825415,8.356203
Val,656.5209685913708,655.5059,325.3471686504373,315.6381,6.924181271047442,6.960626
Val,487.41068954337015,473.40698,217.23301839663685,222.45311,8.111627341825931,8.082497
Val,769.6968059687716,718.6649,341.63289305694286,345.35422,6.654764991212093,6.8459625
Val,350.9671583919976,345.69717,156.53266286180002,162.70285,8.624004388306954,8.432406
Val,311.2926206454749,316.6114,149.3043769696799,149.7168,5.935677700528046,6.065356
Val,310.0752770603745,339.001,165.45726274942956,159.47395,6.774410385271383,6.722221
Val,327.9797662261809,334.11047,149.3676046665586,157.28984,8.095581015040853,7.990908
Val,220.03076288302896,259.1878,104.64981606366598,122.12227,6.578235636296948,6.827751
Val,630.7411736833315,677.45355,343.38454953435354,323.52792,8.544451045391874,8.5071745
Val,1111.7634160353768,1060.4279,495.8666236236149,508.0458,9.973353482894495,9.79471
Val,590.1502924578951,631.5221,321.78268344270504,301.8012,7.805735870901409,7.864356
Val,306.7440656401189,310.07166,136.14207706868825,146.13045,6.487569186067659,6.463683
Val,455.5062683828661,479.74997,234.4585454162277,226.72937,7.886847904704781,7.8415704
Val,430.9941589321307,426.4994,192.2844892184884,199.8628,8.819859739468493,8.59674
Val,677.6012643626374,673.10175,315.4483327105318,318.48376,8.03014034521817,7.972071
Val,491.2910523571152,517.0914,257.71289578790845,245.9638,6.388415619600655,6.512154
Val,502.4829370923367,501.09863,232.17680204655312,236.941,6.27626084415764,6.437605
Val,851.1283304333901,862.2952,411.32935933782,414.37817,8.584966670373754,8.5880575
Val,926.0617011002664,915.10974,426.96737696123,438.64798,8.80753636526003,8.806845
Val,926.1946854425412,890.40125,406.7298423184874,421.70273,9.39588425699971,9.246502
Val,995.9280042136684,1017.24084,531.3412831178701,496.47772,8.94401567294692,9.043121
Val,607.9248157971717,616.7913,301.6672954269806,296.892,6.450963814754094,6.606184
Val,534.001925747324,556.8506,272.81967598353583,264.10507,8.18035152143426,8.172358
Val,182.74062369234684,178.86632,80.16130811363436,85.088135,5.486925063165449,5.746908
Val,677.5572099539945,684.21985,317.58487285001496,323.57114,8.642890492650924,8.618293
Val,874.7073882740287,896.85315,443.3451152302912,433.66183,8.617615242245295,8.621597
Val,721.9197132492512,677.2436,320.0126419217964,323.52313,6.654193066633633,6.824622
Val,924.7290655883507,928.08307,439.543770990507,446.69168,8.924236667673146,8.892627
Val,326.96285735177173,330.02408,147.8876279431015,155.48833,7.481300927597431,7.349298
Val,618.2027299646239,624.6351,295.06208341037376,295.28842,8.77355965714716,8.699029
Val,887.683687393607,874.45483,423.0732704505437,425.21085,7.613482091339951,7.7907677
Val,618.3107444186696,608.8907,280.47008869573983,288.17627,7.186557207574907,7.1812115
Val,581.8939014206846,560.2876,262.6270581407159,265.72562,6.306897856515249,6.506356
Val,501.1537578342493,492.61237,228.0803756168464,232.61961,7.850246570698172,7.8382235
Val,1173.7306505217505,1115.8049,525.7242766730513,536.3978,10.002932547914146,9.825781
Val,586.0219763353708,570.4588,263.8250781497379,268.41852,8.702465977567572,8.629605
Val,258.5632181891674,273.01074,119.15424578778055,128.88875,6.214042765463788,6.259277
Val,530.2509843230331,519.75415,234.03490054082977,243.70723,8.777483153040416,8.654536
Val,307.7246608250755,325.60794,164.9879347340977,153.7462,6.168356952292388,6.2368054
Val,696.1988122573773,675.7839,317.261115852139,321.8976,7.1110567002414165,7.1617813
Val,560.7149435908267,554.4241,254.4072795886584,260.70355,8.82606480143496,8.716533
Val,278.80746552598214,308.9112,138.28966388249935,145.61911,7.422745058020457,7.3516293
Val,693.2639426843702,692.83203,320.5598068876112,327.37445,8.579560934063773,8.570404
Val,698.1095346522987,653.32837,306.80319409168646,311.55432,6.469593628290342,6.6803474
Val,799.6356774725638,805.8572,403.33814082566687,391.29297,7.575435595528956,7.6484327
Val,376.3519613923726,375.62354,169.30818421283485,176.70885,6.834499730171533,6.7566323
Val,636.5016637024318,629.3097,307.6738230495265,302.43274,6.736767610872566,6.793788
Val,501.6931969572025,495.01648,238.6713344697114,234.25636,7.09999420801149,7.041726
Val,589.4462189087045,601.6086,267.93601645519084,282.8402,9.216509019200023,9.067324
Val,330.31799005570474,333.6296,152.08602995611423,157.35287,6.361742632350043,6.382457
Val,808.8161622471821,783.38416,372.6458376283753,377.4544,7.305349515496846,7.4351025
Val,320.2464262269699,328.5594,147.18073154866917,154.73381,7.235362276141975,7.1616325
Val,267.63980726536545,308.294,139.48774126252158,145.24272,7.856976531223782,7.942568
Val,192.97110679563116,190.48186,84.93355446150281,90.54651,5.557255561313105,5.7668643
Val,756.563191988592,745.33435,352.6662725570947,355.34387,7.741681314845691,7.7211075
Val,1093.8977471438504,1102.0939,563.2525279111385,536.9142,9.638948837879164,9.526012
Val,592.0650933856101,587.77936,286.18849707061554,280.49484,6.824045172498067,6.8363223
Val,443.0499159258751,452.99435,206.34430160017808,212.55865,8.923732072590497,8.723603
Val,569.0615437221142,576.3659,284.9284575325287,275.77164,6.559305893232632,6.6445975
Val,565.1189176555216,547.4803,251.92434657097263,258.5988,7.545405889054807,7.6413517
Val,594.873822969772,565.8193,260.47959483948307,267.57056,6.765863107471745,6.798078
Val,371.5936737052372,375.26736,176.19516930087795,176.60545,7.787638613143142,7.6100316
Val,572.4416183540169,577.93787,273.2196184982798,273.91953,7.7991837192536675,7.8281713
Val,928.2341068807618,960.6014,509.3699640362736,468.34732,8.764898074337001,8.821173
Val,1162.652709506756,1099.3534,515.1707736648364,527.07745,9.963593565507358,9.796129
Val,383.7134498335828,372.78098,167.9972494514888,175.34102,6.828837243832149,6.7784953
Val,708.8122158384097,736.5639,365.4432511269192,353.0269,8.225408555614377,8.150088
Val,928.6835033849346,920.16656,428.40544316210594,439.6142,9.435865929741446,9.281505
Val,652.9152457034601,640.33417,287.8705069728583,301.52078,8.18132393524497,8.202874
Val,734.9302116030007,696.17285,332.3447510985124,333.846,6.844618231817463,6.9495015
Val,265.7658832123105,273.09045,118.09587144573828,128.84677,6.302775387820671,6.32351
Val,497.3790793967271,496.50916,236.86975860774956,234.72745,6.843939893169567,6.8265896
Val,448.8327594787965,462.43085,235.48176945048752,218.60643,7.140377779138136,7.1500506
Val,480.9409807286161,512.4459,260.3626293555864,243.90163,6.352652359682379,6.488224
Val,675.7201123889162,711.59015,348.28147491910784,338.67386,9.155372398243106,9.037971
Val,235.52286908161108,276.17984,120.06747864956566,130.17374,6.85435131787662,7.0233297
Val,1011.7672271034672,1002.2971,474.242111911497,482.47983,9.472850734920948,9.340788
Val,884.4273693353854,906.31274,486.140474660692,443.05356,8.176785677164654,8.25591
Val,1050.9868569365435,1020.3435,474.6221622948798,489.38882,9.55242404713811,9.439206
Val,645.8685057687812,667.36475,355.11192504457773,324.8955,6.411466398021886,6.603626
Val,581.4789231231562,587.7935,290.7799632614332,281.5648,6.64300607370713,6.7041183
Val,479.9790345324956,457.7083,210.3893360074233,215.64157,6.9785075659406735,6.955512
Val,358.24044267119984,374.00302,176.85015686934003,175.83716,8.541635027018726,8.378471
Val,777.3263765550952,795.3616,374.83046440385374,379.96637,8.633014636340056,8.604343
Val,626.8059710338704,630.558,288.2304031676171,298.25974,7.811496702845704,7.829422
Val,412.0940689950385,419.77722,188.92932462504595,198.42075,6.02391085315067,6.2207203
Val,249.50916766183002,245.81602,112.28711483361528,116.57408,5.720352633130862,5.8428235
Val,1068.6863802404591,1060.732,510.0683743567,513.631,9.458459064489286,9.375297
Val,693.080812584699,667.45386,317.9980429988782,320.031,6.762599625525769,6.871161
Val,324.46167514553946,321.71555,143.19157056642442,151.58731,8.441665298805768,8.288012
Val,537.2836661652426,527.58417,240.5576817405933,247.68529,8.74291930376436,8.625887
Val,714.3310296628357,711.8543,327.7498450579002,336.29456,8.891665121548503,8.833805
Val,841.2371113147689,818.28174,376.53479670615457,387.6735,8.491452712465899,8.535969
Val,233.56894623709945,273.59607,112.91146715543417,128.89511,6.710380276768117,6.9048347
Val,588.3012511935817,600.85785,282.9556016237864,283.9194,8.839305128011054,8.747522
Val,392.28987746353664,388.9586,181.71868937336367,183.29968,6.449809417729735,6.519585
Val,654.8408075841353,670.15894,326.48706740676727,318.90912,8.199775076004647,8.161298
Val,518.4960115814918,546.03375,241.76034907980093,256.76825,9.207443722553473,9.030311
Val,692.6489820728316,688.5069,319.4397360198337,325.60825,7.98193412625968,7.9288397
Val,692.4043188432236,675.8931,330.97264763657256,327.07,6.497509284117432,6.6756277
Val,310.9036323308968,315.4976,138.52778147578778,148.55983,6.640417120241772,6.56697
Val,565.4093588947603,616.01025,290.37713794937645,291.46918,9.34493885979167,9.181108
Val,831.9421419586645,805.2286,376.50544591030985,383.46152,8.073767987411433,8.071053
Val,787.2825280068384,757.6889,346.4936912819758,356.64188,8.847976134945933,8.810898
Val,803.8414535236702,820.4568,407.9591314817908,396.49017,8.13509734712434,8.090834
Val,297.05205203661245,324.49216,149.13166909902986,152.89491,8.314356027470733,8.275504
Val,683.343756023641,647.7374,305.2500746541357,309.82657,6.455545323029385,6.660601
Val,689.3891009703625,713.0448,353.3399076726455,341.95712,7.620026172864232,7.593377
Val,559.0589298368797,587.7669,291.0585541189914,278.6104,8.782161851830189,8.677061
Test,814.7340785706851,830.0538,405.2255487900699,400.4568,8.2221673208493,8.196577
Test,730.7838161564453,735.2438,348.56174110027126,348.60916,8.970136385436751,8.897106
Test,700.2454040019277,690.83636,317.38013148896783,326.337,7.940558714831718,7.8704987
Test,263.7564427605834,288.56366,121.39486966326456,135.84587,6.657487023260117,6.7082667
Test,302.0037508141712,313.24683,138.16707221329662,147.61632,8.283746291404963,8.21686
Test,736.6042925723552,721.8861,355.7176431028802,350.65405,6.680281501476399,6.8479123
Test,429.8977117423551,437.27274,212.1972408607159,206.04941,7.542830519369159,7.532184
Test,189.6486982318154,184.13725,85.04308127054713,87.73479,5.38338468340711,5.6197133
Test,822.7500634557531,805.16986,392.7995985495942,391.65512,7.1153425577193365,7.2781234
Test,302.21934833876526,319.0366,161.26300775233358,150.63556,6.144521086072934,6.243849
Test,679.8097904905045,682.19476,356.4398311757046,331.9845,6.616174492978298,6.7358704
Test,354.8825592993993,350.4959,159.12682911246222,165.21275,6.435648418632994,6.46541
Test,295.0003979325911,285.34912,129.06756863346962,134.87466,6.06064351394961,6.133487
Test,699.2385299657078,694.8881,314.7050431461166,327.78232,8.265603192096032,8.307702
Test,1051.6549505168414,1028.6256,487.9115649460401,496.4627,9.161545386907044,9.188069
Test,728.5173426262625,720.29846,337.0864439991344,341.51627,7.937052980134332,7.871393
Test,1061.531093869134,1005.6587,468.7081177650156,478.8432,9.996958490931446,9.782221
Test,510.9895515416519,505.36887,231.9940480160649,239.06436,6.203938519160053,6.404501
Test,515.1930309768605,498.96698,225.5423825820642,236.05707,6.1846803557508165,6.3829207
Test,556.8667322331826,538.5506,247.7968363683829,254.42232,7.350233280845747,7.42823
Test,293.02369970884183,301.72192,130.30041659590552,142.03964,6.84004786192635,6.8518977
Test,755.7973064347249,785.6787,403.7858496499159,379.49258,8.134764690286389,8.036921
Test,280.3495979916273,305.82993,133.55043143735045,143.96503,6.627116777439756,6.594313
Test,500.8729897621976,516.0906,262.41317546326485,244.5964,7.434751421746467,7.511499
Test,283.4687877159042,293.66724,124.41804777980477,138.42166,7.22475917292556,7.1981263
Test,628.8457490779571,603.80383,278.24555111097567,285.56244,7.036284822305357,7.0507727
Test,569.6640272992089,569.15894,275.5902918735015,269.38055,8.46299231955152,8.401745
Test,579.2275115940673,607.0412,294.41931146233753,288.89975,7.4764038416468495,7.5167828
Test,926.7607774169544,940.62854,496.6448455558477,461.06,8.074928966371983,8.249476
Test,347.9007811199813,356.47583,164.22104213003132,167.71631,7.053192939060471,7.018377
Test,900.7804334471716,912.1262,475.400797746235,448.0954,7.55883595772766,7.8034935
Test,545.0638749874088,522.93805,243.36564193997268,246.15678,8.104610140722206,8.077119
Test,626.0826162170137,620.90875,288.735119544206,293.58365,8.139832596386084,8.105029
Test,667.2733169875651,627.4761,292.3752430011141,298.30176,6.536391252258044,6.7204733
Test,523.5296374516612,549.21216,283.6274580533725,261.91864,7.211437318056762,7.1728463
Test,592.1436943727159,617.5013,321.2854630730008,297.82465,6.513422210004903,6.660374
Test,1057.014228442216,1067.6586,541.3875609488507,519.01086,9.594034124359958,9.443721
Test,765.3887540186491,770.8468,381.1273074067784,371.76956,7.64842524035802,7.6676216
Test,915.312830865242,924.5653,436.15334593708025,443.23773,9.632119831168673,9.444664
Test,579.3152977783586,577.1925,280.17091185489494,274.59805,6.909063631270524,6.902361
Test,762.1984210011129,738.43036,344.0064615688103,349.69385,7.854602068467196,7.7838354
Test,688.4778548617386,682.92346,338.67361342392326,329.24216,6.981774624385345,7.022781
Test,654.2043572447523,626.92706,291.2987403670275,297.21616,7.004194016279067,7.0231037
Test,644.867232556542,634.9997,285.6556742755371,299.99844,7.269247779015085,7.3005905
Test,597.8057752461569,577.2036,263.12714264036515,272.86267,7.029269112076737,7.0016937
Test,364.3513474153771,381.39334,192.24030708865203,179.48152,7.645579613211869,7.531729
Test,294.77810396606924,320.37286,147.06772417850928,150.96205,7.621975232067923,7.535898
Test,474.3278115071964,467.2311,209.98916391877447,220.53487,7.347465033696082,7.448238
Test,721.4946615410342,696.0223,338.9339061964052,337.90225,6.438149430777064,6.6294327
Test,540.4005712288266,541.1377,257.0634162444151,255.82922,8.328091330781351,8.294945
Test,990.1544177715948,948.92755,437.100034628116,450.91043,9.525070440253549,9.390795
Test,306.5626955659269,333.7403,159.33988160211123,157.13371,7.828175258015467,7.77028
Test,755.7950355360284,761.4848,407.0822773494,373.90866,6.765192805798797,6.909274
Test,700.6225753320729,714.8609,343.60397539539633,339.41663,8.826153453571763,8.768425
Test,535.2909092689799,540.84424,260.13896249570405,257.13788,6.42933827718594,6.5439467
Test,187.1734596376333,194.33598,85.53118233446327,92.29825,5.544331116468917,5.8204675
Test,500.93943777897647,521.00757,227.2635705292167,244.37486,9.266329804307524,9.039977
Test,800.8401178378247,832.31934,399.12691783250295,398.81943,9.122881210586192,8.995545
Test,516.3413767254489,505.9121,230.8886769741704,238.9025,6.461024399104234,6.573812
Test,191.3062783189244,198.61946,88.46873779827501,94.3457,5.53928213117636,5.7999806
Test,517.4380280811922,555.15375,251.17084940249373,261.78152,9.207439181812612,9.035366
Test,450.1844131896306,468.31348,227.7105875688884,220.76903,8.38647143095143,8.304025
Test,539.8585429599189,526.4525,244.2289745978124,248.91689,6.705133987669623,6.7140026
Test,720.4895817250193,701.4836,317.2353469920304,331.5472,7.478571089632882,7.5403366
Test,302.4933522587163,329.78772,154.46293782932193,155.401,8.386792195383551,8.334444
Test,495.425961805017,503.84933,234.6405854137129,238.19537,7.730737178793615,7.7603755
Test,767.28821853155,762.0488,365.8157749876048,366.02234,7.648093029852662,7.65269
Test,597.2414728164753,576.38104,271.429807343848,274.07718,6.333675219881628,6.5242276
Test,881.5535739708598,858.4936,394.3647866550318,407.59363,8.808677367208817,8.797865
Test,510.0936377949639,490.35672,229.48039048727543,231.59984,7.048416171980366,6.9938307
Test,508.4879545735592,495.5405,226.3120567077839,234.26286,6.310053614024021,6.4502482
Test,433.97355949450593,431.05377,203.6746065620634,203.01767,7.140041587756987,7.100852
Test,676.8789012585537,666.53076,297.35994999156645,313.75864,8.112171484179838,8.116972
Test,715.8720202177057,760.2962,387.47444359508415,365.62195,8.440269828791294,8.414022
Test,461.5737771774788,452.57578,205.96438073819564,213.60329,7.227250414511513,7.2840304
Test,352.9337185315969,352.58353,160.12704534828342,165.96693,7.840920306874082,7.656912
Test,425.6666477051626,412.89175,189.9519920242573,194.10037,7.729571077050715,7.6257615
Test,239.5247427055491,253.75117,115.80691863277954,120.031845,5.951946515963849,6.070198
Test,826.9781385896795,859.76465,414.9601690837408,412.7294,9.24005312452777,9.089162
Test,300.0217143519669,319.6773,142.3269557542074,150.54553,7.819338914897774,7.766161
Test,886.2337143878416,907.89624,439.7621515246176,437.49225,9.084268323973228,8.985543
Test,735.3498079831965,722.67175,327.4143275202306,340.4716,8.230648250399868,8.242015
Test,347.1120194238171,357.85898,165.04619155876964,168.50484,7.627496391388332,7.457113
Test,719.2438759092597,690.36163,328.67043660674256,330.44418,6.968706134214858,7.049731
Test,602.4257667878186,592.1016,271.20011242236654,279.7692,7.720742241581036,7.7535944
Test,1100.8834157926688,1094.1719,537.6952142032611,530.624,9.776485999076444,9.607128
Test,265.61950476123366,284.72308,119.63180200510385,134.27245,7.340971549279251,7.3302855
Test,630.7414871628338,614.1526,286.6862012055832,291.05182,7.090757901377242,7.0957294
Test,1014.962800099378,1026.0918,521.7682964881551,500.24933,8.951499581905459,9.066418
Test,874.6887943597955,829.24365,389.48232467685983,396.61142,7.735383305444413,7.8456254
Test,1069.128150017861,1085.9233,562.6613312915496,528.6772,9.873682316903247,9.681736
Test,823.0713133218687,853.8642,413.5094595203472,409.80856,9.216314936583396,9.067421
Test,646.1137750702779,629.1892,284.8342481565458,295.43137,8.821891110110537,8.761775
Test,865.9879884460306,843.4982,386.2367757989202,399.4323,9.265421311824822,9.154562
Test,1061.21484577069,1071.2635,538.2649382979173,520.0048,9.936038821352671,9.730104
Test,381.5924387624232,376.5522,173.6928506589226,177.1041,8.004844160639788,7.8432903
Test,980.6936662285822,964.0745,450.2125375187945,461.21863,9.827929234284625,9.626793
Test,604.7178056643795,600.4079,265.95183885885666,281.34305,9.200995344162836,9.050948
Test,978.7306587610628,954.7573,443.66714372816864,456.36615,9.367856229287588,9.243446
Test,356.0239234585493,370.82687,180.39320880469973,174.41496,8.450695041021996,8.302362
Test,529.759565292467,512.0074,239.98524837460565,242.10732,7.007023201647171,6.930414
Test,885.2415300400296,833.7746,390.7112749298571,399.247,7.584698331133027,7.7443476
Test,727.2391336929331,732.11584,388.98491315528406,358.892,6.656343588001646,6.798301
Test,685.5313270967239,714.6783,355.390492364226,342.67883,7.876177197197288,7.8353896
Test,730.7441729651821,727.78235,342.9027973001828,346.01462,8.004592503246627,7.9406524
Test,499.3273381547138,514.01013,250.35672171827616,243.36746,7.6253394281080675,7.706383
Test,979.0641771057336,991.20685,519.095767327002,485.78256,8.346918645465973,8.580861
Test,447.2126285684943,441.1006,205.5930380654224,207.40158,8.101744038190965,8.021434
Test,1016.2005047696666,972.97546,450.6574549780478,463.40396,9.64945123171369,9.498215
Test,246.48911755996278,279.60782,116.76525725290097,131.87845,7.226473554155371,7.2929473
Test,239.55668950163516,270.23242,110.89198062549787,127.45163,7.026274726466123,7.1380553
Test,431.8945254115888,425.28537,199.24616164156467,199.86981,8.031128067227765,7.916438
Test,684.46047159802,703.0667,346.9439661602132,337.1514,7.495855068712454,7.481484
Test,806.4760062323983,835.0655,405.6517990183288,401.6977,8.645204152525107,8.625333
Test,345.4566981902411,351.1852,158.08357865120837,165.21558,6.797911191749484,6.7199507
Test,741.3235164712711,725.78723,336.7708034611419,343.98456,7.728794702607521,7.7125936
Test,243.5415115038645,286.8848,124.5082966543217,135.28972,7.194205533529908,7.2822666
Test,342.4563072002736,346.9862,162.10428481424512,163.55342,6.42588098222804,6.465404
Test,729.0788053678638,714.4247,351.36311412243816,347.54608,6.555710927174996,6.743254
Test,841.1610522915462,813.6835,386.0701864735488,391.64688,7.558512915735264,7.6637397
Test,585.0975902131073,580.90704,266.921835491382,275.06277,7.214495828706691,7.1667376
Test,588.6891826305028,615.84467,322.6483765903388,295.78244,7.048807652068833,7.027302
Test,892.3767433643873,903.0181,428.24440047724175,433.45,9.240755130431197,9.113129
Test,456.2473414084672,448.43723,206.2627181564864,211.07288,7.916368776350642,7.822524
Test,735.0450431092661,760.5968,371.4298629015206,363.3261,8.89068999483367,8.808228
Test,767.869014532569,746.29803,339.8784159522262,351.65033,8.284270241909969,8.288642
Test,607.3057253900362,590.2766,276.00042324325665,279.70154,7.059595869017362,7.033635
Test,249.1200646199003,289.00443,127.28539195855535,136.26772,7.524396561592157,7.6019616
Test,302.83840425861973,322.5059,144.4343400776452,151.86673,7.1175336794684885,7.103057
Test,802.2278753677467,786.0982,362.4442544553879,372.03378,8.451791284533519,8.468615
Test,742.7889065610382,796.6395,399.7497165538869,381.80252,9.616328992104576,9.405093
Test,558.0292189856959,586.66656,300.7564275890419,282.53473,6.192444045652841,6.4234586
Test,928.7320429441672,917.1443,427.791850937706,438.742,9.098188020873751,9.015102
Test,623.051856545398,627.0785,297.9690847832036,297.0624,8.241939264815008,8.211026
Test,263.11070987364326,298.22733,130.40962400712596,140.56366,7.59665628315893,7.6225467
Test,612.0758332826753,619.70996,270.31821178909775,290.4236,9.428691229763674,9.25814
Test,567.3134492742174,594.54675,267.1670331095969,280.16476,9.276494201222471,9.108649
Test,1155.1494660777903,1102.3784,517.4559090824786,530.09576,9.846648678732254,9.706464
Test,796.1733080771412,754.2738,360.9606387114854,364.88315,6.783771962732135,6.951523
Test,251.3941738037919,284.47702,119.0066688873944,134.1644,7.293962267266811,7.3214087
Test,333.79366298735164,345.79956,155.5419702108638,162.66885,6.8381636804322605,6.737725
Test,700.1788297163139,730.13403,336.45449639228286,345.91745,9.595199078345802,9.420423
Test,414.030013109018,413.2438,193.49078837792345,194.58838,6.643580794492687,6.6880527
Test,542.5709854303251,567.50336,289.8894259376396,271.1984,6.858956705754203,6.8449855
Test,981.8861011217248,974.7276,463.6015317442377,470.0481,8.990231942880568,8.982125
Test,794.0750907076412,756.90717,360.7598165866048,366.79105,6.633559943406159,6.875805
Test,1075.1788482150205,1083.668,579.0991933915021,530.10046,9.19428924490003,9.283997
Test,458.91351634502416,449.76126,208.90412528222544,211.37584,8.495047432497106,8.366631
Test,343.6244251834757,355.6363,168.68747249177687,167.38908,7.222340295477341,7.1556582
Test,745.7807382342786,762.3946,371.8553800554103,366.23206,7.986684830281312,7.902474
Test,741.7094159050962,703.53455,336.9058134535224,338.6009,6.753171934683455,6.8796167
Test,773.1107809365631,730.92944,339.2551179133311,346.39352,7.317780500594183,7.4572835
Test,361.6729919043274,379.462,190.6569305042816,178.526,7.212918815152907,7.163937
Test,330.6435766137941,355.50323,177.0069381834701,167.2841,7.099819085207803,7.0929704
Test,631.4709264727642,638.4425,308.08696752530795,302.96472,8.044431752479055,8.022143
Test,283.7680225175777,292.1645,124.22789057066132,137.57927,6.862881288095877,6.8828325
Test,500.5898212766721,480.30283,226.58740459141237,226.97063,7.232388669656051,7.3016157
Test,826.8026005004543,800.72894,368.3825124193497,378.2094,9.579105497876917,9.417574
Test,353.1328970840792,359.29068,162.04707977204615,168.96317,8.71823331250978,8.536473
Test,575.8836235768686,572.36633,268.0341946446014,271.05695,7.413892890406526,7.461455
Test,444.2871182416852,466.46606,232.25482771046487,220.11443,8.321074225499363,8.259818
Test,515.4314576567527,499.38983,227.2983951332148,235.85524,6.451522633609859,6.548837
Test,799.4303725713261,744.15533,351.4694253210976,356.25354,6.944122075929295,7.1067924
Test,858.2450631496642,859.48663,409.4271403887186,413.72058,8.306741483190898,8.341801
Test,190.1712159561912,185.57729,85.35752146427916,88.37433,5.407388596364789,5.652008
Test,360.52566624993096,357.8734,163.5909295715416,168.4306,8.305514976754514,8.130284
Test,517.8022264646406,498.75153,227.30836301080305,235.30482,6.618200836739295,6.649055
Test,477.00256857203067,498.01617,229.78096845961792,234.46666,8.942513790798198,8.770306
Test,266.57187148617385,296.08112,129.05214036192564,139.55719,7.14830045564941,7.175699
Test,387.63924075745393,398.90424,198.86611632502095,187.4609,8.174445466253552,8.060596
Test,364.1068082075481,362.44443,163.2006986768552,170.58572,6.712537147688825,6.6786456
Test,1037.1500256725828,990.5242,458.5891143409845,472.93,9.218206294307398,9.182167
Test,368.7781602925351,366.32852,164.48178304542003,172.3414,6.779477187458059,6.7412486
Test,670.039061796886,673.0415,310.3782343554009,318.39554,7.701340227642308,7.727597
Test,851.8795783345485,842.64514,392.7264830336132,402.25208,8.456294443284394,8.474827
Test,793.3587486736234,791.18335,369.2288193263743,376.50357,8.430392210328584,8.437046
Test,719.8455425967697,687.2832,327.2632934495405,332.34842,6.288844832438628,6.5517364
Test,551.3142719091445,586.73584,293.08106853693664,280.23856,7.264733368473329,7.2036195
Test,700.7950237395563,709.8834,372.794911348947,348.35233,6.363279114135103,6.5715423
Test,517.7694022416736,546.55383,277.7280306219151,259.55255,7.662201128504364,7.766611
