cu_soil_kPa,column_diameter_m,column_length_m,spacing_to_diameter_ratio,encasement_stiffness_kN_m,ultimate_column_stress_kPa,load_at_10mm_settlement_kPa,factor_of_safety
18.108904159657687,0.618697396946767,4.351008332342984,2.282447086746299,2.476920534116349,417.44998342393046,215.05886450285877,6.395519028622512
38.275000724347066,0.06844018734410114,1.2318579106327516,3.1417548336789523,1.4107127518591311,758.4643510413028,349.49008363497103,6.5561477183704975
30.61978796339918,0.06659266364674794,5.151695180784691,2.3705407107666474,18.18859007371753,925.7657180396288,469.15192513273536,9.58851166057149
25.95304694689628,0.29270766436215595,4.010122942735365,2.557286126230073,3.8025753263741136,579.849328032619,285.13925730667063,6.831190484194519
10.460652415485278,0.4164823928034993,8.254599420926109,2.4374196006471665,16.425003091194085,388.0711570733038,194.42087713928046,8.408611967533274
10.459808211767093,0.6278055633558449,7.427039293651208,2.3656755597376344,10.892617422142717,344.90459223443474,174.93953402228237,7.473633274577087
7.032926425886981,0.5624715324548789,4.629287247091464,3.651421903121334,1.557130392175392,211.78524505077672,94.24475672144068,5.635236654549937
35.31616510212273,0.3844270297825612,2.927553629357885,2.5714151353217805,19.10896382876135,1066.54361240785,523.3974137629107,9.8489200038217
26.039025411012307,0.2552199997112494,11.861217207404865,3.8542475637288987,4.9392233398378504,599.2571826619165,263.9067694691092,7.042001648708131
29.78254022286159,0.7978433751182834,5.666418805874932,3.939853050690382,17.19290690705213,886.5351828918915,388.8819485106229,9.385659912357758
5.720457300353086,0.3696359766769797,8.38398113505075,3.1425209398741947,3.3762001156912835,198.52256289046298,91.47062074844943,5.78763691456127
38.9468448256698,0.38854026824725657,2.030414423908985,2.286002245331453,17.078857642837058,1117.5860443298855,575.3498570172233,9.522139760232038
34.13549242801476,0.17271786589375188,6.032840516049014,2.7490964867591625,0.2645762581058797,663.2858870409916,317.9732861839032,6.296695244980602
12.431868873739665,0.6461071615624471,0.7194259504857996,3.595464526696428,10.235609131389614,383.12338913399526,171.03132673484282,7.5005060281374405
11.36387385224852,0.5702616693361166,6.2632793677612195,2.734781457394141,15.388851588431136,402.1893586072162,193.1411077260392,8.308035090003735
11.419157844870185,0.21557720959157028,11.582601922565347,2.1740344366055773,18.695910349855666,430.9392859458886,227.08165630011862,8.876580321112673
15.64847850358382,0.11178578421188202,4.856797870635283,3.113569821856376,18.18404272412974,536.6108970446055,247.856243373016,9.076455332435607
23.366475107128323,0.5603744765560349,0.8523537458689745,3.6902417029920693,16.392497390952897,711.5494981395319,315.9704631565335,9.074012884257124
20.11807565247405,0.5408834107108514,0.759087174664385,3.5918527742870046,17.763826993226083,647.4419364878589,289.087070425635,9.21033067113029
15.193019906931466,0.254944645248657,4.900646415383687,2.3502462802607065,3.98439371674153,380.1317580217246,193.34401274359436,6.555968296446267
26.414851315283283,0.7631476716878078,2.256289262973051,3.345529228824933,5.683685914234575,618.3107444186696,280.47008869573983,7.186557207574907
9.882285122821465,0.16329341883567516,0.6708843174069565,2.441008526871294,5.77937049842117,293.6331993180556,147.02099820080792,6.568135946861051
15.225062698732636,0.3742511007819514,9.172077921822051,2.4364150691043447,7.541078620033977,417.02211943333253,208.95983858332093,7.182277608337116
17.822664515279207,0.7577119401256992,5.718866903029932,3.74814354661037,7.866413407703774,474.3278115071964,209.98916391877452,7.347465033696082
20.962449447596256,0.36479548769459175,3.7552393548827925,2.49933790548046,10.89110649309351,579.1961966730271,287.31077671954296,7.999270886545786
32.481158648755475,0.5288944607480642,10.840964922991176,2.5264946930360224,3.1975952673288277,690.7031179882894,341.20533945659105,6.824934276030401
11.988582375542592,0.3481957984720957,1.747211938326097,2.001306781522599,13.824933275719786,404.1407756529533,222.19828562782453,8.087432476401077
22.998205344476407,0.25566140176150254,11.488658415881703,3.7413380682510353,3.35133078609013,518.1224832957438,229.45803314463865,6.685838454684196
25.734509910171486,0.7879832359698712,4.042013921577293,3.5851896264182694,6.20616964209095,613.0207780317202,273.8238668435393,7.268767557780761
6.62576444519992,0.35700050473628225,10.705482598780701,3.254657870181356,10.06690261212308,254.52550437025232,116.22710130162892,6.961017465416269
26.264069816550343,0.7205744027593508,7.394137367161754,3.5005315278776843,15.928811230469545,776.9203964738899,348.80984721083024,9.069797028006514
10.968344329055203,0.22246595441831463,9.989805373001255,2.3040971348489836,14.789384664774545,387.63924075745393,198.86611632502098,8.174445466253552
7.2768057544847835,0.20982852801881247,11.814552693241385,2.916647189175151,12.910687128210444,286.390538448037,134.7557851815368,7.498702099133828
38.210993803866664,0.07335056216338352,3.74550307869745,2.702438774697562,3.115465211603403,794.502318531599,383.07409552298446,6.877171453214839
38.79712115760958,0.5387501190319138,11.549171630728079,2.187553052514033,10.940906912311554,978.1700897349618,513.9126385861276,8.360942430117017
33.29390718407614,0.32639475779282084,4.917989980868076,2.972260970429848,1.748930035997709,677.6960928139415,317.10540383775657,6.564610994963212
15.661481921067974,0.6982686873797278,4.871938094948299,3.841479300685271,7.547263535933015,426.085144224011,187.75815633814048,7.2030170493189365
8.418523990223434,0.40490743001866786,4.348490409352266,2.080118238101389,8.270330605799183,281.6138587719619,151.69628010545483,6.860881256796324
28.94815592792549,0.7761450709360413,6.680328245231989,2.5829218269875875,0.7962287889150765,584.4731991868125,286.35387524440785,6.327495210607428
20.405337280886044,0.18914413677734088,2.18808250087045,2.415081872411407,5.479761989399437,497.4173628945372,250.13612722137375,7.0045619663069365
9.271338219567259,0.7014673759667082,6.823053230152929,2.4762933073313924,19.112989345329787,377.56996375155626,187.9720369882868,8.744428693401304
22.331191853894456,0.6324476395938063,6.683775823956046,3.8168691037587505,19.07265215659379,722.5321226205479,318.77017330461666,9.528568822497839
6.203598239032644,0.628191383483039,9.238061026216492,2.9361381084685805,7.0465410850507855,228.21289878695526,107.168376837416,6.426903801314449
36.826214072757374,0.6835874210876658,10.070339558475993,2.9325988258796376,0.8620021789664811,721.4946615410342,338.9339061964052,6.438149430777064
14.057299356000591,0.6207679932072492,5.509119663624119,3.5211512849105646,3.581898786563631,354.88255929939936,159.12682911246222,6.435648418632994
28.18827995238937,0.5196652412235616,3.9070656924773273,2.3089844080098514,7.844355868670803,689.3891009703625,353.3399076726455,7.6200261728642324
15.909887663129384,0.14843365826179067,3.4082848088782955,2.974530708200102,18.955593959384597,551.5426848226476,258.01895678118376,9.227022604094667
23.20238074122338,0.07439463461843894,2.657636505776514,2.8599704282421197,2.8239812707436984,514.3984322898299,243.49293470257777,6.5943485089293405
24.13485977701479,0.7406358858617652,1.0687119535086886,3.1938213810933123,15.270316873364244,714.3310296628357,327.7498450579002,8.891665121548503
11.469905943393446,0.5124877358905535,4.372396554482675,3.999115406500877,2.1736507874938416,295.0003979325911,129.06756863346962,6.06064351394961
38.93546197175955,0.6474029682321323,3.5348732287170854,3.5388977881640944,19.62515154782554,1173.7306505217505,525.7242766730513,10.002932547914146
32.12964881763901,0.4111417636344125,11.610441676050325,2.7957314060348546,7.6323299821827,767.28821853155,365.8157749876048,7.648093029852662
37.88246295474662,0.13798114172179587,6.86942238450051,3.6551061045480937,15.504690777981121,1056.465946779496,470.0331621902219,9.210193862709394
36.31895726496771,0.14388934415191285,4.428413652753888,2.3414167266249604,6.851821656222636,837.5923412531877,426.7067852739542,7.559675524363201
25.92649925838798,0.5641739654217286,7.133424171526873,2.06092737261792,12.553377543176174,715.8720202177057,387.47444359508415,8.440269828791294
37.265598225809086,0.372729421174597,2.014681735610068,2.408896744928546,3.8403216948007346,792.5742923200733,398.98083109931576,7.003767305725532
8.097237571817182,0.20039354502525253,5.550907490745554,2.680823112228519,2.920420385939251,239.52474270554907,115.80691863277954,5.951946515963849
11.859400184670083,0.41869591005607765,7.66431812848434,3.02116151491912,18.761282791362625,443.0499159258751,206.34430160017808,8.923732072590497
6.5829551118688325,0.09815670280635057,6.071214848792437,3.2302582810823997,18.35294555808867,302.0037508141712,138.16707221329662,8.283746291404963
16.38656157671425,0.48647855143579904,5.060634087590161,3.8212114344288435,17.749378804257645,551.1027911971076,243.08660655197463,9.03945050987973
18.60370513913187,0.25174505332632324,11.928641311236499,3.019708019100915,12.50866900333187,545.8350962013246,254.2496117112569,8.206903412088204
14.497216112086356,0.6481693254778912,10.611651240927554,3.0025512892514588,16.165364224325565,486.83755660236585,227.1357272682809,8.655960882925745
34.00581282031753,0.2827714691926803,7.631509114649505,2.100486019645964,1.3807387382274983,683.0501483978896,366.1090512915969,6.50433930484506
17.486366434275624,0.39141511181135086,7.00477738971448,2.0698231053124476,6.695780837813583,454.059702128581,245.21518753293682,7.126315213265298
14.832707839058326,0.05871540493107548,7.599661565965175,3.102319923832744,6.2740624951431245,396.256135495273,183.20570377843683,6.941903488423307
23.994362910538698,0.10433516584591916,2.7352204507402256,2.876357226496689,12.712906439052265,673.4811394587302,318.2341864792532,8.41999750195858
9.932347874116694,0.34437016730501363,4.983597821866096,3.678360789960597,7.11915546941281,304.7130415752513,135.39765243020983,6.796946918815243
33.07689432639139,0.4099541260378426,0.857730581534432,2.3213591694236904,2.970135632873616,697.312325075839,356.5664286040385,6.790312038053223
7.609272528791979,0.5000154110894778,5.916334034847189,2.049943324234099,11.929341508270873,287.9041623541809,156.26863682360926,7.377772713574684
39.541042781018106,0.2687469340319774,6.699085173908893,2.898077535860252,16.28767841338163,1114.9199645988567,525.6159980851245,9.38069423284939
32.02856692538301,0.5712364145949069,3.041896938797231,2.474957113504515,7.642469889199464,765.3887540186491,381.12730740677836,7.64842524035802
11.955048853696034,0.6950917978919035,11.58273462711996,2.099228746677675,2.645374301969634,307.7246608250755,164.9879347340977,6.168356952292388
5.193274099326084,0.6348882416700123,10.949673486872006,3.449196573695258,3.933763946256461,191.6271173546699,86.3151897123958,5.809842679292421
33.5411499959192,0.07971411901126786,8.776861531288509,2.223185999914495,4.74966610338768,740.4121081192084,386.04693375934335,7.129432942438453
29.7400070346666,0.4103802104433717,6.5872848936782065,3.2166390000155434,5.997951859890724,689.2642231174377,315.675522876864,7.305395809643646
30.515250881434557,0.12869763381363114,10.491642251913145,2.5620995003337783,12.855901410126183,827.5101906758014,406.64078412922646,8.594104119671563
31.9944621340081,0.23153376189689562,1.9155671883521697,2.346992100710044,12.01890969075438,846.3562108132202,430.73192501479946,8.464734022199004
7.591562810693162,0.7899969449503599,9.569913613588666,2.7595030458386347,13.921597231340783,300.1542260759954,143.71184357533056,7.700426948096328
17.546300499049543,0.15687165717613494,1.8479214420154402,3.6028915524459073,7.250039690630263,461.57377717747875,205.96438073819564,7.227250414511513
9.05541708337954,0.42416611508851704,9.612843685573102,2.784187153809145,16.479953037599564,353.18856083757265,168.61306488365472,8.283316886615548
35.208619905645776,0.5136168007385894,3.5989037917157405,3.501539298422111,4.081753223115205,758.8983665697929,340.69720525776495,7.025434908377
26.815434438964527,0.5768487279080781,10.574250739810992,2.250972593598301,9.380814950363078,685.5313270967239,355.39049236422596,7.876177197197288
16.58143086984272,0.46973651261518556,11.350888288374614,3.5455428393301585,16.018774430828607,537.2836661652426,240.5576817405933,8.74291930376436
7.224542260010827,0.05732813556438775,2.1260332450993413,2.4738666498132975,3.603172954652385,227.77503264918008,113.44083949863989,5.984417232627343
15.884381260048176,0.29484598118299393,5.767037018758565,3.354786259777746,2.197262274815659,374.31893591141915,169.68310758334536,6.268848781735854
16.381416270936146,0.43828373253853353,11.779453586687147,3.1315631096819927,17.673679353759795,550.1537210979387,253.72139983380472,9.025787755467663
30.536216241832243,0.11589987435862502,6.007526257288501,3.8582894344233747,6.8585932551839175,720.4895817250193,317.2353469920304,7.478571089632882
27.31451149743246,0.31297019840688556,10.417151261168724,2.774645035950628,13.67740249818064,766.3238478131229,366.25351742758806,8.679988087829996
36.05244599017143,0.07490233159352493,7.22928565672331,2.1323303776688807,0.5069720852787696,700.7950237395563,372.794911348947,6.363279114135103
21.527522380668227,0.10893387286626556,4.753826931867382,2.038310971102506,13.800937768188993,630.7411736833315,343.38454953435354,8.544451045391874
9.18579860784056,0.34769245715119707,3.7150892441000942,3.6537171219455065,6.322026230939411,283.77450772039157,126.26404906805335,6.604860540863712
29.963567552804825,0.14953681553229525,2.757387856598612,3.0494712753228645,1.1148170717488348,607.5742305712225,282.23108545850926,6.401655795137027
31.627476701591412,0.47565563619616863,9.236859019981289,3.5504881036698985,12.19625523096234,841.2371113147689,376.53479670615457,8.491452712465899
24.64470191493237,0.5670987268529494,4.883869879147124,2.468851200023029,4.8160763214634645,570.4960035982788,284.35671094905587,6.990365604622929
31.983851298409636,0.6504400243318122,6.330795361528714,2.6901674910264672,7.7361448410376,766.2121173808887,370.00940114056044,7.665215755855563
22.282845872753676,0.2001126831836076,6.110975568013711,2.060207744422638,1.6116162457302718,480.9409807286161,260.3626293555864,6.352652359682379
23.29564902836979,0.1756119366943023,7.096436739104322,3.9229846491482245,2.9432650218989065,517.8022264646406,227.30836301080302,6.618200836739295
19.963935642549238,0.1284258802508002,10.440694889244806,3.3357358134016266,5.959544709916875,494.81697671251175,224.60843229981478,7.07793041777153
5.889669436043332,0.5273226871577276,11.77657638556778,3.866410175518612,1.7951900112031427,192.97110679563116,84.93355446150282,5.557255561313105
8.776199944765656,0.5798567948651759,5.1279768194562765,2.530992814858145,18.216525293726306,358.24044267119984,176.85015686934005,8.541635027018726
6.100021499035699,0.07368960861923153,9.999219496433115,3.2229272224513217,0.12094086367956836,187.3238732353283,85.7499509425418,5.314144329443452
27.274364394232315,0.7521591846827674,9.268522417994724,3.3569999365852756,9.677204377286229,700.2454040019277,317.38013148896783,7.940558714831718
16.002459337671432,0.08897846273860431,7.05293583688465,2.635099400515177,2.464949162651029,379.2713524453811,184.48086848647162,6.3205415263447025
22.799974190764598,0.45597225147580284,11.490146865898424,3.69621847003126,6.15358178955897,553.7519847581306,245.8201056794467,7.191590243918757
36.76482658741325,0.5817953895881873,2.7255043801294723,3.8943229258004957,18.521191196365308,1092.4838757392488,480.2153019428491,9.761984656466225
13.725228020210624,0.7032268428095643,1.6674648395916085,3.769710235392009,3.233891065479737,345.4115126660679,152.74845280561973,6.359638892530604
19.36340230624704,0.5855651990993209,10.305958816682898,3.4781339518787453,19.316646394366654,647.0738390878925,290.92269588374114,9.458967592493657
31.444289849006704,0.6512960623023439,5.49413787295148,2.554929359449908,4.115887539788434,688.4778548617386,338.67361342392326,6.981774624385345
13.007935792206787,0.30458764440710456,10.2248387088019,2.5632320842112635,14.831322169336591,437.5322689903425,214.9692271738925,8.330799814280693
7.694296844007755,0.6611188353098842,10.759846380266813,3.926720640892076,10.933545297946235,283.4687877159042,124.41804777980475,7.22475917292556
15.141300851981882,0.11008613478850636,1.1245080859812286,2.020568991871384,17.689574551935184,518.4064777973662,283.548438471307,8.96071454432465
10.642745053890154,0.7211124920453957,10.648191250638304,3.432099946484289,11.079865110062618,350.46343586980095,158.03684958376883,7.519567206583029
37.53941783199006,0.46069428211530217,5.600501042285297,3.4124923251105246,10.691184383126174,944.7216019590594,426.56428743778434,8.298056030882513
33.28421328475459,0.6629733274718703,6.321016872449094,3.245379081899595,3.9091600073679977,719.2438759092597,328.67043660674256,6.968706134214858
27.16913147786482,0.3892387133887251,7.668473128681239,3.9802176921737313,3.3245872410331745,594.873822969772,260.47959483948307,6.765863107471745
35.50112065657012,0.5326832713973938,11.146038238069007,2.6237588715274507,18.329783022310284,1055.5172534609123,514.2028595277544,9.70565573971248
33.128522691469,0.4448019957020849,0.6217466953852627,2.6799437275864966,6.556763977000681,767.2427111206581,370.99334185405087,7.461903913993991
11.529952061011254,0.598692141316499,5.931384232486678,2.157878805893111,7.441645099257919,340.0032207033545,179.81198727016857,6.96372873095008
36.23956494714922,0.11122248652294218,8.377575692194503,2.885596273087475,15.196473168567767,1009.5790542287302,476.5795190321598,9.128290980572014
23.876978467047774,0.09526406299292285,8.78340070929945,2.522097052469696,6.776469648456147,584.2785928321757,288.8236229296492,7.331668444500318
33.26040543074219,0.23532742550760982,8.433376205830452,2.6867734043552884,19.041248932780054,1010.852609967771,488.35994678082125,9.799735115686552
36.363195497322266,0.16965851008489125,1.9594475011342136,3.669143580511255,14.758555379976006,1003.4681971498202,446.10971469684034,9.047753985263652
16.130121624015235,0.7038376749441513,3.872988825111502,3.8709690270549917,11.9485848514684,482.66355733873894,212.39206337812675,8.001013254046319
8.851817358468686,0.21441049051853323,4.561100094837356,2.3714661440103715,17.61790321089505,356.0239234585493,180.39320880469973,8.450695041021996
12.97773068896796,0.7818989418643485,9.731471609082258,2.7450178631069315,0.992118166989655,311.2926206454749,149.3043769696799,5.935677700528046
19.94877260191897,0.3026718438283301,3.633614520008815,3.857261124230788,5.141253843784175,484.2179114429194,213.21409685745178,6.930077658003097
33.63051680728726,0.18658843676652448,2.8441775808595566,2.1236169213784453,9.3007266844182,830.8161066071266,442.8624575944422,7.982760439444706
35.12557041397202,0.6422738803568594,11.506397020841916,2.184721056222757,4.539570789430421,766.597722340406,403.0057443297791,7.110377578607426
5.2433245685916745,0.5440308316256571,0.5028141073162392,2.3255819784124587,14.878103746043038,249.12006461990032,127.28539195855534,7.524396561592157
22.8761555902148,0.4236467873398542,11.974721925910947,3.1904256682537495,18.384160621074503,727.257232740467,333.7717633082989,9.421603419707441
19.609385110207263,0.4665226632032234,8.25112706674579,2.3009445420119947,8.475402398618467,519.0216744135427,266.4285914837957,7.519496321149999
12.77377336647556,0.5894013337041979,10.010243873609758,3.936152762901467,6.842652002237899,360.2167237546401,158.0365939225241,6.935990248857785
9.195287856678899,0.22134105599847403,3.8175849976158407,2.893429054517041,19.231014642751326,376.40309194854495,177.537311529746,8.755959076366251
16.81653099912698,0.7972504370425565,0.5660572209378958,3.0030359207003325,8.897048656550817,464.75963522762225,216.82521490702942,7.491129767395322
38.00183963693817,0.7810948716100874,8.959286415313748,2.493317231610813,9.780968008985663,935.2464858104589,464.36419123101206,8.132252911550802
16.312102620726435,0.5377442647602027,10.076077325207839,2.9419205048694668,7.032997446838108,433.97355949450593,203.6746065620634,7.140041587756987
23.157671761017813,0.19965683819685887,8.989523130660823,3.323827265274023,18.19096946024277,731.8575587391201,332.4897092323945,9.395535896937801
29.605663561331223,0.5601711818234685,2.0570633326897276,3.5023542739080855,11.379109665637015,780.5366095481318,350.39362892933013,8.30233040058077
17.727036083275287,0.10414880673438189,9.139763898180842,3.507736165419826,15.243491743632893,556.9159097081107,249.92369167468036,8.658842906045479
39.012372895233625,0.07298937665435455,9.319504272448635,3.155782225388177,16.236134367017726,1100.542291005192,506.5215584722458,9.363852307202057
38.68565532297389,0.24326216638341025,8.039069981772636,3.8087195499877144,6.836980838345164,885.2415300400296,390.7112749298571,7.584698331133027
13.812380353887745,0.3969672175544872,9.2869448204288,3.634815694612219,8.6738866264076,398.644143823115,177.56154534476826,7.310419813985361
22.40369770623349,0.7012043790562854,10.212688700261692,3.514096229397251,16.969435488125292,695.3744919330982,311.9362579742434,9.148551582796847
15.530740843586939,0.595376802324731,7.517807725154518,2.111211043360921,7.265107033516205,420.46675955845427,224.78711946328576,7.147531178102251
14.969417303211367,0.6070298908999858,1.427814682048277,2.0137559244392986,15.878702669037025,495.74052517449303,271.64484076732566,8.633053570848457
6.291043157408648,0.3691200008360565,6.056482592139647,2.4248945543909457,18.819846451488743,297.05205203661245,149.13166909902986,8.314356027470733
26.33475168929639,0.30945124441022215,1.3007322821906189,3.3270471878269046,12.46420746136014,723.9125613241965,328.80416104387865,8.433584350631795
22.59376581301015,0.32827907223845204,5.127499159976198,2.8223949777650916,14.832545749037777,670.4527278030852,318.6802135634794,8.765873830647834
6.801756293749627,0.7907371728020434,5.122435273857281,2.8048125185986237,16.1019462408227,294.3075027668508,140.1693086920519,7.9533130238370084
14.7526262482814,0.08008189355936186,1.1657141920268024,3.7691737764592275,16.900792977932852,500.5430048189372,221.3569751930532,8.79974029119817
36.78930600883288,0.7002736220918364,4.44631819404596,3.7911256962636775,7.901066757135919,869.2456706010331,383.98579916427667,7.762975121156015
13.384666173344035,0.4840065564292951,1.687577945979252,3.8183505281071715,1.0252691835199634,318.64634150562495,140.5717339709658,5.9602771242287105
10.071320523192808,0.3789615643921928,9.775528436106978,2.6277561530300546,8.03752542473479,314.53106023582734,153.14274089706353,6.961993946865296
22.130846609714705,0.5939432453113525,11.39318110118786,3.3821116254785233,13.475124595681795,640.6272037799146,289.8540904735932,8.504602769088676
39.497765893871026,0.4150017060685271,1.2388711129920877,2.5432663625487395,9.007007715615856,950.4083771434068,468.32461551800765,8.00381541537763
13.471934502902515,0.7050674285612455,11.479336404583737,2.3812196661488993,14.979263017207971,450.1844131896306,227.7105875688884,8.38647143095143
28.52474415920575,0.7255263980084439,6.461888552306244,2.3692649146947384,7.1396485893732775,684.46047159802,346.9439661602132,7.495855068712454
31.656686536505116,0.36629069515509155,3.874961864264937,2.684215241727188,12.69488282208059,851.1283304333901,411.32935933781994,8.584966670373754
13.317314039733988,0.2576208479262887,1.2916000732034967,2.859915239559643,3.7283960970794916,342.45630720027356,162.10428481424512,6.42588098222804
30.487572201415084,0.49426274644502166,6.207241509616847,3.6618983421101365,14.987388732899138,865.0224948828583,384.7139099575211,8.990148719757945
17.87240964517386,0.7342725092125183,9.616380316092684,2.2397821869454244,10.913919376260516,510.5237236910154,265.2693215980707,7.892944347937789
27.13070407077528,0.20799664175424992,8.6022031362937,3.4698516947897886,4.081287770932011,606.4280632243764,272.7922172312198,6.904821059124233
27.173539876631313,0.5172249376726121,0.9826217329820957,3.0629098283786105,5.838223469956145,635.7514737268016,294.9608543332255,7.229883326576222
23.752113942616546,0.5236701650693905,1.2456612902676807,2.575890685351985,14.972174171636647,700.6225753320729,343.60397539539633,8.826153453571763
8.16014195190429,0.5998347668114608,5.073330078538591,2.9856391690656494,9.652024713230414,285.36376035984483,133.35320707632343,7.063397368888036
34.23558734562333,0.14867576384544484,3.8253697309561416,2.599884139554045,4.3206288078614445,745.2612434157638,364.25784068759316,7.058135475348057
16.227302274010754,0.5868687235115665,3.0956581474501546,3.192163910476612,19.345423807405954,564.0895069390418,258.850393467422,9.313286317381776
11.5281478639949,0.7317743904992308,3.6596521873410777,2.8676878457104884,14.30250039633776,397.1692868428213,187.8453643095294,8.135319122098696
6.427129954416737,0.18476233165268147,9.720399822243861,2.3288110581577577,19.142696650795923,302.4933522587163,154.46293782932193,8.386792195383551
25.681253011588463,0.22815749369290822,11.179045422129505,2.233166149111393,8.542100907206864,648.1120745438246,337.2205313649259,7.697006691774008
28.714752664479885,0.7785463205312297,5.099191256519771,3.09339136414426,9.50200681383441,728.5173426262625,337.0864439991344,7.937052980134332
5.580574012474965,0.18573271453211732,10.910887624736967,3.8048260665722067,17.959104323700384,273.7664759961606,120.85308992861556,8.06347289134264
22.923257040474834,0.6907888200271843,4.12935013447543,2.687915373115371,10.500986804907694,617.4446701969334,298.25433743338516,7.98679995950973
12.92735213192783,0.4192083923360261,5.926669041587983,3.4660002144452466,14.145578238113343,429.37287036310147,193.19427799612538,8.206922073204444
27.581047664330747,0.2354233058023828,3.0219363746655965,3.3173227098795337,5.043457549910599,630.7414871628338,286.68620120558313,7.090757901377242
11.102825015174702,0.7030624259543836,7.8295220892397905,3.863109828618962,8.934529374052811,343.344471314404,151.14185996664565,7.189396773339266
29.18282083358631,0.3839789412519991,11.756180936027784,3.641962034598282,2.468997316207102,617.3577361965853,274.8696463884247,6.6413222273759445
18.53573712051881,0.4361130154472676,7.400519914103192,3.1332105178109257,4.1196007175392335,444.663362091793,205.04246572811624,6.702860524616159
37.78554960578571,0.3194250270498243,4.550643375717167,3.3140609964682146,0.01886830535262174,719.8455425967697,327.2632934495405,6.2888448324386275
9.813233045109763,0.49471313857619553,7.9146823734901295,3.7967729331680697,0.7853010329732046,254.95245129980023,112.59258837767119,5.725012425406782
16.93732228675905,0.17264290443876706,1.825879870198496,2.7990375691738696,19.545676463538587,585.1734676309881,278.88387324994534,9.386307974881445
8.971573243420618,0.34331115248882055,10.708445331078623,2.6535894117155547,4.8470739027352465,269.09372155158036,130.56660740493663,6.342222201607623
37.3642766397497,0.7770592417514657,6.235773829046102,2.021622167270393,13.266214190080039,995.8620711933082,544.5458679177505,8.781024585505683
35.70687736833433,0.24360007452584564,5.612457007659848,3.6531021483829287,16.78199397599223,1029.0963950738933,457.90687210025743,9.418164435782588
14.027956970030447,0.5425524984059692,7.196031546060823,3.6019614008067298,11.013209184731284,425.66664770516263,189.95199202425727,7.729571077050715
28.099441611196266,0.2938925481685212,7.647492808357069,2.2089090362003025,3.062890001679124,607.7076248707982,317.8122394847629,6.733706647499138
33.602777007042555,0.6301048442649505,1.2325993522275511,3.1537147622654005,14.562328746723328,932.679488841792,429.336864354475,8.967473384614754
24.432028405981182,0.14815524553876236,8.318359766191467,2.927963396333775,12.00502820199166,673.1373863626593,316.36610135810025,8.30213118879136
23.537770242460226,0.7773657838089085,3.206407491660143,2.237418191018223,14.625011786947502,690.4018122098007,358.90897978442024,8.756507602180353
13.46483018151581,0.3903421560377294,8.681850537076441,3.961136454121447,15.394932457141744,453.88305580266564,198.90946100074228,8.458171846027867
8.258596873206471,0.22703784750984796,9.941403614856682,2.429391774926711,19.508207353694903,353.4196844106024,177.2970178590494,8.694961494322406
36.40255152836644,0.1051225604975095,9.725918687609235,2.1344683601811223,11.471265600534199,935.7662926139171,497.5429742340345,8.4298425239469
36.51463200071657,0.17731842881565557,6.809011221931514,3.189694759003819,6.8328222538120365,841.1610522915462,386.07018647354874,7.558512915735264
27.158551004564377,0.43983046141701326,6.433970750804714,3.477733354266065,12.969291138004742,751.1380751639545,337.71828580205505,8.545722775280923
16.866042686704525,0.30275238232346474,2.057361151537176,2.064886892094374,1.3688141848525226,382.7755948820294,206.97477800101447,6.157402682923783
17.22233511144313,0.6716625244119572,9.394015344676372,3.3174352774540443,17.947946366431726,574.8654972467082,261.2871792200638,9.116768843276486
30.408448760458377,0.37316564274635444,3.5483488131818866,3.0645837519029087,2.3876202267639357,638.039610742428,295.977883511087,6.644783961171499
36.398859098340196,0.23653570444072242,6.16166690468818,2.206530017750097,6.556856757716365,833.0521228609648,435.881436774819,7.505166932472889
36.0480248492791,0.5128587399530226,3.6975794779591937,2.3450477538927244,16.31490761252242,1028.0490292818902,523.3857313327742,9.335710582252956
32.295644105016834,0.5800829126640844,1.9524090107964405,3.1359485946321612,11.946247566614236,851.8795783345485,392.7264830336132,8.456294443284394
27.471107615400072,0.1752814309257124,7.702869283944144,2.5927152270265768,7.872710405548842,674.9563990101583,330.22704969417435,7.611337162949154
7.94489877482671,0.17571441221623824,1.0302516039456844,3.876631457302632,9.468713187500429,279.49940668888144,122.958706969787,7.0116320118669195
10.657004993311482,0.07750357020015723,9.08428471586392,3.637480458968102,17.090947864043606,398.25946223558566,177.36371293491496,8.538550799088306
36.44939659844778,0.6023015112992305,4.084006825028953,3.967134413027326,6.800087721197842,839.1548152898748,367.6537875981106,7.5515519175275285
26.225017088085647,0.5478533957163538,0.40156243885202975,2.5193416779008277,17.392993696243426,799.0129143963222,395.1371522093899,9.338349340657869
5.321896806582037,0.4059731568123604,6.329098015151866,3.939447265595954,1.7626886195338298,182.74062369234684,80.16130811363436,5.486925063165449
8.551504000311123,0.6831278367268979,0.9434821389201963,2.8624677395831157,15.535968744172614,334.0729647380541,158.09227966418584,8.073537359064758
28.222561918781953,0.6542526147125399,3.6035668707224335,2.6950375906275092,16.95095266109473,842.7196180883553,406.7031474382533,9.306018939001577
5.177155434617654,0.4890157732975641,8.600927254486308,2.1006990539387065,3.636353056746775,189.7972304737025,101.72446131368824,5.761402190797171
10.628281799612452,0.701203460384944,1.1271996108136442,2.105530515719205,8.60693064744401,330.6435766137941,177.0069381834701,7.099819085207803
24.205682627830516,0.2043809075275762,10.136326511329628,3.3840225118933094,3.3099954932731124,539.8585429599189,244.22897459781242,6.705133987669623
29.216331919244265,0.1339397145482959,0.4443111028395641,2.915857988868056,14.132082579884354,819.2726138773578,385.52490031741235,8.805517057995912
27.818644082591018,0.25231220863774223,3.263156882742066,2.453043252072211,10.706955361233135,729.1023333423263,364.34008231077206,8.142154478669314
12.849425831119593,0.09281514206698614,8.994487051364029,3.2279406126504653,12.706466934166421,414.54852891887066,189.69068331092097,7.953188395243397
29.926272747163754,0.448377146000774,4.068733736859959,2.5057162365002226,3.929739339124223,656.5209685913708,325.3471686504373,6.924181271047442
13.303718062388002,0.7524542692212212,1.5819517015657567,3.1552635086888454,4.23491724104839,346.87898233312853,159.6569681707334,6.513022399513407
16.38898943557437,0.07950765550138224,4.578713458084963,2.7184174939653807,0.8299465101981274,368.6103465404356,177.37274254693293,6.0455206233805105
31.127199179130844,0.1415824355075201,3.536562122060496,3.647104453223638,6.441350703914594,724.8676677074669,322.64449384690005,7.410371127142547
27.737151466652513,0.3891492712125764,10.175458065062436,3.6413923215335586,11.1948932266735,735.3498079831965,327.4143275202306,8.230648250399868
34.722819367296225,0.7504062631459287,4.03483584398766,2.9547007962448024,17.158698279946577,1011.7672271034671,474.24211191149703,9.472850734920947
28.01645123051202,0.28711707873256287,9.551616672601684,2.7016382186700314,13.338548949173614,777.3263765550952,374.83046440385374,8.633014636340056
24.890801116741507,0.4304261065162943,10.745716879804522,2.725119593118189,8.707926467995028,633.914919675298,304.7826087539123,7.7093278138808685
8.278616873983236,0.08117964428779408,5.432282067087742,3.6114290513364358,19.062402287882755,350.96715839199766,156.53266286180002,8.624004388306954
17.870053107080174,0.16125740072156663,10.955340468710947,2.656358965595224,14.384904011516637,550.5151345752616,267.0169534680373,8.512006253664712
14.28208286886039,0.7899725922191352,4.776889425973037,2.418118747413692,18.603304057251002,505.17921059147136,253.90887673422577,9.068796908523634
13.539637518267925,0.7738390223270342,11.583309631285255,2.1693766837506137,10.551759465443313,410.42703161194197,216.49678058941853,7.621800158221897
39.055369416335594,0.053704985700807215,1.4357584844966458,2.933386241768817,5.178085495862792,855.8665700281995,402.02525353433964,7.275399858882668
18.758420363336615,0.7638588390674292,8.369423491437615,2.9642641978396838,1.0565337272944397,412.1599190205318,193.0077969764151,6.161199553995465
36.22162943119896,0.5293399533616253,6.128242869300373,3.6818174208058143,14.52169702967701,995.1085272897378,442.08847047786065,9.001102312052529
27.0898519099042,0.7009387208900166,4.896726143285506,2.442477392892128,2.4260599601106825,578.8626808098913,289.76420036345945,6.5986335000348735
32.8183956239577,0.3910548917253943,7.739457793483771,2.7619825473367996,6.055502565439344,751.4393669508435,359.6779041366804,7.363732507994981
22.592298258681723,0.43669702143443767,8.564742262958243,3.616811477787382,10.649418157677948,612.19244740234,272.9563563157815,8.004530319700413
25.191635961922568,0.4166349351926901,0.45061392794358546,3.6472472214979472,11.288331755594953,679.5949068732144,302.4908199220888,8.189953729943838
22.238119283660236,0.5501481931595783,2.3366558294675053,2.7692221519575364,12.011663939742721,623.051856545398,297.9690847832036,8.241939264815008
11.833504572931558,0.15473844106723467,8.671334187358097,2.918248046573362,3.3251066069940127,311.2907509144966,146.44803894227834,6.278078587066071
30.285824034152686,0.07248019240450847,8.130070797507194,2.606571781698566,7.5947480964329745,728.5164250455238,355.74214985167725,7.611343816402166
14.827032685429952,0.2809474561933932,11.606151059492655,3.865109756838624,12.343884542339334,456.85150853514796,201.08919152170094,8.005447135084664
5.851058825100885,0.578510572052485,9.228038366909082,2.237287531483161,19.396377292675695,288.6324811833812,150.05114018656008,8.335318904582847
27.591530356750873,0.2013900890922113,11.42896340968352,3.86749884600294,14.552622753993774,787.2825280068384,346.4936912819758,8.847976134945933
11.198873779246714,0.555074324993688,8.549469817803761,3.3677329036706865,18.452075141879156,423.16517983309194,191.6525562248795,8.816458396440279
37.916050452352,0.7774340345804529,3.8574056202175404,3.0631443053734624,15.24424116628354,1051.6549505168414,487.91156494604013,9.161545386907044
38.38750019509056,0.1204255368420638,1.6222330981099349,2.0653181215689917,11.834339377848009,988.5759468710223,534.4856249927055,8.524502874381222
37.0202536577157,0.5544515886688448,9.469156814801252,2.951192383644017,3.840467382726891,787.9766222853852,369.47436127592806,7.00108558495729
17.95555450894055,0.3828126644784284,7.872130969120625,2.8154962100054646,13.333713037850261,540.4005712288266,257.0634162444151,8.328091330781351
5.54098157851036,0.701106690783129,0.9589577437622363,2.322437623950245,12.467591319198142,243.54151150386446,124.5082966543217,7.1942055335299075
37.49114969057039,0.18286234208553942,4.5765854044513485,3.312819207001314,12.049383409145328,972.7621621988137,442.2865934178938,8.55341901724196
19.986445191106,0.5694694641696234,11.49887785961772,3.9423018147365716,9.795717359764815,543.6157984391944,238.43299162366898,7.7697012925664986
38.832918666528435,0.6785864672360827,6.204653290238334,3.1243776221290505,10.573132079785513,970.8375445516944,448.0070428616949,8.291924331810254
38.726699198123846,0.7584606646055174,5.419657977828574,3.429506552887892,6.688850542362081,882.8057938405764,398.15762697246134,7.557185155300013
34.85533094135761,0.5624360212172343,5.70931541984781,2.1369009051320336,10.386253852846064,878.9823795522651,467.08781094432294,8.204182399198338
15.3057112224355,0.42288107300632044,2.823039598459899,2.8353339916339895,3.951118113569565,381.91231290333855,181.26896797813563,6.554827857571435
18.478420501067383,0.5133854301509104,4.6770031820316245,2.2327169703289917,16.103487947207537,585.5137683271801,304.6782243366552,8.845146458846775
34.78978350308999,0.7016787383590387,4.6898337694512495,3.225591671073021,3.715539093974156,743.6426124759898,340.34118845693075,6.951590324566974
16.09227018046972,0.4779573099791223,1.0073182341746798,3.8769643164283094,1.6993257977893284,372.7469736330914,163.97806439749831,6.188656707581786
10.932246134013237,0.07279029477262765,9.303784490807852,3.323555464943277,8.724920527143148,338.02275886903266,153.5698921640043,7.141735987929055
24.488044186042256,0.7482115216302334,5.231451410084996,2.153606096628843,13.166148790121238,691.690453296176,366.15711107367105,8.516246153018283
37.765417095627335,0.5671450632736709,9.937286687070511,2.7093324099701657,8.754336498670828,907.9570201290626,437.3978533420273,7.9357478004133695
29.361042883624055,0.5573850393329349,10.264036812990787,3.101326758881703,5.535082639026172,673.7222266799017,311.5167309427797,7.213098721879683
24.952140953127774,0.21175636429828787,2.859131034504433,2.806415512266504,11.163423677808815,672.3167445679345,320.1445348387994,8.161129749041317
8.4011772819769,0.5441641026744929,8.025300393173492,3.6672880209503447,6.940046708243999,272.25679623851005,121.04890485803266,6.639933013532889
26.52525293447094,0.34539830424061885,5.878468928290588,3.6293420094199784,18.65735380253266,826.8026005004543,368.3825124193497,9.579105497876917
39.65188475364921,0.5384247327811191,10.609818159889226,3.2236620402064426,18.45290279207144,1166.4653411577624,533.9340396714955,9.791556805680672
9.90294053327834,0.12994477273099303,2.902591878446868,2.7469158902654103,10.04743639944191,326.127122881891,156.38353184758907,7.286559931887825
23.141537832730787,0.543383978452277,8.262633123596512,2.5106727475264883,6.55767988036517,566.2922140830203,280.4197226980852,7.273786119680044
35.70805751747844,0.799560294328,7.449924618131582,2.2117486364262584,14.742648279132782,987.2479412467349,515.9885272831345,9.03492854471461
30.926901621397157,0.08615902914541702,3.82549713983326,2.709795366973108,0.7342588696613328,617.4174526948738,297.41651521254875,6.344378072520364
29.39555093483438,0.7828806381659881,1.9845704823536021,2.8263450344154393,9.495380120873024,743.1132341758779,353.0609311288614,7.948680691677249
29.586942939548823,0.355180970542153,7.959021221536409,3.351645850208147,6.72646788540667,698.9380182234077,316.90655500218384,7.43809380132363
17.58219029269143,0.7030650877529444,8.967730514335036,3.316319648595147,18.410717702051095,589.4462189087045,267.93601645519084,9.216509019200023
15.275714549257268,0.6367891130437051,4.06127718765486,2.140216279282514,0.24006054545365085,343.3911600294131,182.33704233781026,5.901278077675527
33.327640441747974,0.47526219574000084,7.88005820665884,2.7905186308623158,11.056297514366982,858.2450631496642,409.4271403887186,8.306741483190898
33.35396881377133,0.6038369069384949,4.983518528293438,2.363557734434724,14.81327162133252,931.5232008129182,472.65822129509405,9.010242330140855
35.34753115030363,0.708886670976011,8.673199846078365,2.3136254106336116,9.700359750480825,875.8773194869661,448.52763001597873,8.082373286265748
36.963419339476495,0.35310524123827475,2.710897188771016,3.654604299474492,1.7080606032544332,741.7711527921849,330.03118300648583,6.598885615809318
22.896983960132822,0.295274871172429,10.726494030579623,2.083830433432515,19.449227800558045,742.7889065610382,399.7497165538869,9.616328992104576
22.553070314051986,0.5506950391726886,3.7339513190007247,2.8383657518042424,10.360208627521958,607.3023323709008,288.15019308754603,7.950786302371582
32.94033126383713,0.655884456455944,4.666317457971374,2.336407311533036,12.283724886380227,873.06401870633,445.1878144059915,8.530111914140894
27.74873757722178,0.6217138510824618,1.0738666441320575,3.7586604313569483,4.732195654150146,628.8457490779571,278.24555111097567,7.036284822305357
29.568840704019618,0.6483602366439759,1.693541662926806,3.1140810265500702,9.669961702136076,749.9015408637854,346.358233754903,7.984292587272206
32.85274343026354,0.37668748610969977,6.383998071463006,2.462761272753696,8.582989839166437,800.3837046001736,399.33154194553214,7.836768230426873
36.15018696361482,0.6633756621312663,3.5040750500444693,3.004854574332753,1.4979168400396747,723.0337538093013,337.2601286834981,6.550674445887805
16.829830489803754,0.14015679152795635,10.091570618609454,3.4629727194062316,2.1232070709493445,390.44909295101803,175.71482216673192,6.290000136913605
18.14540334239804,0.4583668234706371,0.5704433083974646,3.9162360178388678,16.74945039237549,584.7509153666047,256.77659571012435,8.946137226628407
8.289367894430415,0.05431899537359118,4.79749096459446,2.440892008490838,4.796399044131805,255.61467203915018,127.98772725332869,6.276846927290499
25.23980493486609,0.29343937242520274,4.313208342521475,3.77236354425869,3.899165429972611,567.9614588208717,251.13113820793598,6.834714703456305
6.257979582885973,0.32484615115354837,0.624200518644172,3.8686082283349803,10.098229025002786,246.6514120289767,108.5489495130496,6.919673593165623
21.295930634636104,0.34712951870694153,1.8426734284059187,3.8328410890641322,15.37494262725026,646.1137750702779,284.8342481565458,8.821891110110537
23.992562214765183,0.5716004050173966,5.1982550290561695,3.2708287137238194,1.2389303715797584,505.62915950710703,230.6091519176181,6.32183388267351
15.028943824489954,0.3414185759527593,6.117229179590381,3.2596413088694156,11.536158392765117,453.3429802388168,206.93710689325627,7.874316489611871
25.679164119915377,0.386520216966898,5.0897610681564815,2.8064212663676456,2.384208856811467,552.7678630653983,263.21744286226937,6.565101925894082
6.0675087478667304,0.22815809815574561,6.558877069580289,3.504795764607576,0.7292210165123691,190.17121595619116,85.35752146427916,5.407388596364789
6.307186606222505,0.32993884372200505,7.303527428905906,3.0625880367018636,1.0548790432443478,196.14708423075732,91.00629726649989,5.483875750818787
33.79101962308804,0.22045222044736362,0.5151163250828933,3.3548761424565887,16.683282164168826,978.7306587610628,443.66714372816864,9.367856229287588
17.606672449394203,0.10489694282633273,5.7835038496606455,2.856915807697591,2.3594496725612313,407.0378075706711,192.73715734265818,6.35830849752289
9.447117942815968,0.5025864450360334,11.576591194296025,3.462992928086278,0.903027288245839,249.50916766183005,112.28711483361528,5.720352633130862
23.27851410191815,0.5511595989162622,6.420774449502765,3.648943035209098,8.757997742858246,600.4363032469225,267.2317944375409,7.67857835305675
31.94977435845138,0.5146177595072109,8.259490302523856,2.2928725132056322,16.879869438840494,935.9387115262798,481.1921079088716,9.371153920705757
12.55373596238951,0.39762053285042925,4.017620751835845,3.665859431148456,5.248167529786039,341.6381619185133,151.90864201851926,6.648682508010491
26.80116665366501,0.3348393351344224,9.378299986572046,3.0805930635806145,8.434252350518328,670.039061796886,310.3782343554009,7.701340227642308
7.987161274781879,0.697500237178869,9.365889189762935,3.689331818180449,0.7984506512750245,223.60984414311454,99.30098255010651,5.594735433008643
6.80886024090127,0.4393113388521635,6.447034152788012,2.862603412682029,8.981570282697518,252.0687661603493,119.28394567379918,6.808593289688804
23.59741210488518,0.4093864082222982,11.721760350038878,2.75808097076607,11.552261612742674,647.5173605346946,310.0796236986965,8.197093589630828
23.922229256353727,0.06923154935482677,1.8563824912467792,3.830121465034445,11.418141075042897,652.9152457034601,287.8705069728583,8.18132393524497
27.31004655243723,0.30593587071961725,0.5965929127191395,2.5023385350968024,6.648533843487304,651.6559315812503,323.10446900040245,7.382102208372995
30.413196680293154,0.3351467140893928,9.333835256382313,3.688424650572286,6.31066361326271,708.2070771067531,314.51698007992826,7.374622664195813
39.15482278118871,0.34911708567267535,9.763004233432637,2.968041145018808,2.1324723787319577,789.9610411176975,369.7887293408369,6.700998918251335
23.070512190541837,0.4851292769204992,1.7944038577986845,3.0281908851025197,7.335966412925368,575.8836235768686,268.0341946446014,7.413892890406526
16.303476552943607,0.4502019100451588,3.4807608623198303,2.6169365629789683,1.989893377459293,379.6020491218899,185.09861130827568,6.247699555163649
32.831516816904625,0.5059288195950835,0.6036074150528954,3.1460844012380313,15.331918894241031,928.7320429441672,427.791850937706,9.098188020873753
14.479128794172597,0.6236624461565963,3.8023798850545503,2.6504223925524224,19.325485954963717,517.4380280811922,251.17084940249373,9.207439181812612
20.363999724697265,0.6597393040370702,9.36844573745659,2.0785388284833046,19.401489133334138,674.7345127991315,363.59991128155184,9.515364819463354
7.745973346979309,0.5885923071698709,6.408342121465916,2.543997210688712,17.301421987507876,325.56628103905905,160.40916517607837,8.270464425789603
5.887276019541013,0.766642771966201,4.437908880752142,2.0127580868131814,12.015842986792382,249.06134767344955,136.51163147643302,7.173799881934837
38.692694513727375,0.06367443700727123,4.712175820913432,3.956709574113713,14.017313944877598,1043.6441554685043,457.4553925211979,8.940534842440323
34.25930421792721,0.1968334892626596,0.41570205829943063,3.931494419639495,5.704116053608281,773.1107809365631,339.2551179133311,7.317780500594183
29.35909721327943,0.05567215623360659,3.8776861197567363,2.79031059494461,12.615408403452413,796.4033244094114,379.93459340466933,8.52700823965657
19.313353054499444,0.5356060356159523,7.898921402999994,3.456741708679292,9.112990988797549,520.5981752079058,234.3801397762305,7.624082977569764
11.065301202479603,0.7235229117124902,11.700655548269742,2.69161219682085,9.640346795538651,348.2644268779307,168.1484361195565,7.306769993911997
10.475296493488012,0.23261172243222444,10.225905593013234,3.3421863141719523,15.15553120750316,378.52859238473695,171.74383611839252,8.19534544451088
13.758501435760836,0.74527590859723,0.6737015898881379,3.610860086091958,5.638367111945033,368.77816029253506,164.48178304542003,6.779477187458059
24.222933264714218,0.09520054271717064,10.823303014228136,3.8935124893844817,6.360792233890398,585.1507181356183,257.22014291815464,7.263779660635533
30.01085729450218,0.7508270201041358,9.48510159426406,2.800424551699344,18.492835822572733,915.3128308652421,436.15334593708025,9.632119831168671
28.106908185120595,0.3137170154297258,9.452363033423373,3.5665959659120956,1.124485897019445,575.4718834246461,257.33235869593807,6.375199786968124
14.797686393108,0.1260656213369124,5.71275080444143,2.531856901264238,9.712685968266808,429.89771174235506,212.1972408607159,7.542830519369159
38.420284823211794,0.4144038193897442,5.0168613982722325,3.980664607587297,18.256016008157236,1129.9791115350208,494.778511970106,9.736942509839931
30.826392084351898,0.24258242579038097,3.913822454465034,2.0515391975287023,12.20726015636314,823.0371855864437,446.54541424268416,8.479151849065577
24.402391837899025,0.26365467647144214,1.162060363870643,3.2070576130022417,10.92814148424264,656.487163591093,300.89179582118584,8.104181529256635
26.410226118202328,0.2804674736947149,3.0475302165269094,3.3190119633026542,4.994883584587104,607.3057253900362,276.00042324325665,7.059595869017362
19.686002184972647,0.6522694233744977,3.2606021657450857,3.3760911141482577,6.865509781288965,500.5898212766721,226.58740459141234,7.232388669656051
13.67058463254051,0.45437095750644085,6.015294008638339,2.2407751575781782,17.04096831609386,474.4436655314057,246.47175883167543,8.757376389725675
17.459043752794155,0.28348077436700275,9.07035511652165,3.8770595669462606,11.184362635369162,504.36116271290666,221.8765123135534,7.924275045209465
31.52461386625292,0.5077503374831888,5.896194009416181,2.362366558100166,10.294843875135598,803.8414535236702,407.9591314817908,8.13509734712434
5.503772102041456,0.5871130056673952,1.070995613587063,3.245506806479682,1.9915942708005785,187.17345963763327,85.53118233446328,5.544331116468917
9.062542417742069,0.25446800055015034,11.510361691463165,2.4453521582461697,0.32056312910246243,238.73544126234427,119.44857800342501,5.596714379777331
6.610092470761346,0.36016182614401365,11.335602101491702,2.6144328340425416,19.273703773740984,308.10391593627355,150.28697143953283,8.435372097825415
6.425508081163954,0.14141457000271068,9.508198700521538,3.092917083456249,7.539723345736833,235.57561643207023,109.00584338655877,6.532196026833109
34.94112044038525,0.18586201215101023,11.899403658144958,2.834386837129153,12.064261241990087,914.6833687889264,434.1864151586579,8.520349347276792
29.62802507830083,0.5608383904737372,6.71599506048305,2.320451201953013,1.5943014637456998,610.1190672860689,312.0338583569268,6.485794202767339
21.59608401805638,0.1860787607717202,11.568112862937191,2.341872804841697,13.662285714460932,630.5111452826527,321.18354030166455,8.521548254802655
8.424195622785051,0.4438725377502951,1.2770184711543089,2.8362895763255995,18.651334174119217,352.03126780861817,167.06867571403805,8.573479661195712
22.20655562908913,0.5817846962918245,4.641896679831907,3.5145659565510012,11.513305059948394,615.4902178381501,276.09318337114286,8.150419073208447
21.571511977319798,0.1301576923210579,3.0144227088784836,3.7959292936955773,2.5223064475082113,480.60849225840064,212.25613271372916,6.50096610044165
11.062065446850532,0.47548416472167765,2.671663775957532,2.168255324518766,11.634430549469535,364.3513474153771,192.24030708865203,7.645579613211869
20.184807723329058,0.2424220877760228,2.0333142071550427,2.786207815118802,15.326944262093047,618.2027299646239,295.06208341037376,8.77355965714716
18.947665703908072,0.7721951564281849,7.619998242165561,2.200491127445753,8.128330731480373,500.8729897621976,262.41317546326485,7.434751421746467
26.554753431827578,0.41265923503994356,9.46333352666874,2.0331849612651958,17.596754958829358,810.6939218251885,441.94448985539964,9.384456160853137
27.228277780367534,0.6544944123313686,7.1082614332761835,3.323437365287913,12.97365906714729,752.8377186585936,342.0307853395398,8.548106987826067
6.585640342021558,0.4626699066171963,2.104767431223232,3.2048988839331756,17.984978365784052,299.9232265354203,137.4892335040053,8.22516446319699
18.111441511926493,0.08255939964111438,9.809035731228263,2.3260382276297724,12.470106224946743,534.001925747324,272.81967598353583,8.18035152143426
26.905097049998272,0.5248635316955168,7.77707460309925,2.4676256661861284,2.6257594400964845,578.7439886807168,288.5244195905201,6.63220030990569
22.60976905030307,0.7635525066549929,4.902722191073148,2.0474155072890365,6.193834222103782,550.5238843352323,299.0075980990775,7.194093930346483
34.97714444159128,0.5012088651097484,8.21991142821833,3.6698944113888077,4.035898965049139,753.6047759982912,335.01472516824424,7.014005102386352
28.054277106663076,0.6643916445700927,3.414897759216861,3.949381192097103,18.176529954337248,858.8864628029936,376.59373779876285,9.528816348330174
10.70270494785004,0.7131548475113059,4.404229618532842,2.270919073589382,15.208001345749654,384.5066725108022,198.53811949666823,8.223552124314574
7.469906159015045,0.22105982896169935,11.042835780331087,2.462950427530596,13.52796737820012,294.77810396606924,147.06772417850928,7.621975232067923
27.484674737221045,0.20903362993116997,3.7698522657884763,3.736819047893868,6.019326392632434,644.867232556542,285.6556742755371,7.269247779015085
5.927895868956764,0.5082357416382438,5.851863910632065,3.8529275959123694,3.6808954410042705,204.04358706111472,89.86436854985179,5.859997489380946
25.502145344571215,0.35827135235502855,10.72563719379377,2.839254765613621,15.129021759778237,745.6801777751953,353.7723444544917,8.903073759675243
37.908058449873515,0.6798959771500404,8.609567663103318,2.1012449445381485,9.483158917581594,926.7607774169543,496.6448455558477,8.074928966371983
25.141596225655764,0.7250173425485085,1.1215574235105519,2.078783667385639,4.515791043012582,575.4926500607733,310.10178108760203,6.945865203864496
18.58594741722827,0.31506603447703857,2.108715313636056,3.147899732138021,12.332439563305503,543.3276856476962,250.22921123460026,8.1746597496933
27.51508764548236,0.22765291923086156,0.49096245295423513,2.7857902177863583,0.8066770427690395,559.9719521876573,267.28208248061003,6.306862680755767
21.03885116720308,0.6353941364328964,7.718692766658296,2.057304855155309,6.52340508256507,523.5296374516612,283.6274580533725,7.211437318056762
24.096587626057723,0.25610452666110206,5.593011734760853,3.1665047846251135,9.371139891822693,626.8059710338704,288.2304031676171,7.811496702845704
37.95126830717838,0.6669607388852589,1.9575882704663963,2.022605073178045,2.959166682188117,786.3403748482406,429.8654459799354,6.84499387126079
18.513592323027098,0.3678036902365721,11.512035804258538,3.574743916298546,19.69308955181679,628.9686685505299,281.11929954367633,9.488999617818964
38.641669733837,0.5506624244686029,6.544052797769191,2.6128656454067434,4.1819472917922855,825.8995979683165,402.9444157591423,7.08293337422398
36.68727246846223,0.12165148537600114,3.2059622117095143,2.080516006018464,2.607062600865311,755.7950355360284,407.0822773494,6.765192805798797
11.852689717625376,0.5178944935074298,6.2070014253946075,3.1767044419663066,4.070697477737928,317.98404369841563,146.09976131427797,6.40687077108966
7.427645530630791,0.3888257590529218,8.28359585972725,2.7953688288661094,15.381222663194485,305.39737722898104,145.6087063052471,7.918184965363129
8.527230048209933,0.4899563473816056,1.284374928493348,3.9476008267142992,8.510113185436856,285.5314965398354,125.2061702206567,6.91057111704599
5.63776389780424,0.17601065580864755,3.586564254555547,3.0883973250074046,11.30831879505076,239.55668950163513,110.89198062549787,7.026274726466123
8.305503626457494,0.6026553087081367,9.760799694254326,2.5504783620740166,0.4201831397272149,226.55207240961803,111.51744692639987,5.557683530658006
28.90523706957249,0.6970978081574215,5.7321124966708705,3.4188777292679493,0.6886261714662911,581.8939014206846,262.6270581407159,6.306897856515249
7.491602696108014,0.21255485006808172,6.740294847574621,2.5429840050854224,8.916510996540323,266.2324401842471,131.19456931983575,6.874238783599406
16.164147060281646,0.1217859166401213,5.4206656256298436,3.80848658281513,16.33310486403247,530.2509843230331,234.03490054082977,8.777483153040416
34.570635883930905,0.0677289395347523,0.9092393346588594,2.7494439410147526,17.704777574151304,1018.7915106876594,488.3790419580437,9.572715929970139
5.814517750753906,0.5314786253324495,2.322697445913809,3.0997371255524104,1.7341313519128043,191.3062783189244,88.468737798275,5.53928213117636
33.50639689061275,0.5053205270665856,5.568283009405935,2.1011462076484575,10.767262042020455,856.6334570458098,459.07502886658835,8.255435510853022
14.864917117068998,0.4600230595355525,2.8265513987319624,2.8522424759044616,18.26459372558541,517.0549599112228,244.9562219521989,9.045385246994552
9.135768966757968,0.22396032208698158,0.9797567324522733,3.66472707932199,7.759455087957727,293.02369970884183,130.30041659590552,6.84004786192635
29.38580078774527,0.343179496929136,10.186336103001155,3.611297610726684,16.591316628567373,865.9879884460306,386.23677579892023,9.265421311824822
27.01299963729594,0.49585725138962977,11.781833338303743,2.4486371177070527,2.673913087988724,581.4789231231562,290.7799632614332,6.64300607370713
35.71152047344685,0.422575144144377,9.600457338362178,2.4521581420211254,18.707889793355974,1068.7657175370484,534.1503825766442,9.780174251191143
30.727486533136002,0.7908391401611655,10.303905091774137,3.6346106244264735,15.028466350626053,871.6108241862493,388.23183017034904,9.002503412561843
33.121832563469695,0.15232981441754984,3.206934711677726,3.860796840338651,18.826687855738033,1003.0653435727662,441.60244292229453,9.757010143208769
14.871210039995727,0.5713584155356954,11.543272915953118,2.190721842546007,13.53234467105013,469.7825869686916,246.64488583862965,8.216138737691018
11.2103840322903,0.3532390760782191,2.684338171659769,2.9001172788524503,7.2680786399885395,332.01074377293037,156.48923627633528,6.9131516208080175
31.27151630743004,0.3711497111942111,11.436585800197255,2.674908557928458,18.76362345049445,953.2257446017928,461.22385372072114,9.709080109254103
33.239215874354244,0.5881983242436322,11.939903810005031,3.7413769109148785,5.5113355261835695,749.304082102563,331.83947987925904,7.26787904392274
39.66767997002356,0.5693271134932772,8.655984546654166,2.1670498293600375,6.64345044123465,900.7804334471716,475.400797746235,7.55883595772766
19.441618691899926,0.7934419952766413,11.781267288785134,2.422251885116075,14.016168360034806,583.798633657227,293.2196443096376,8.509682175994227
18.02063300274741,0.1462957170905939,7.006661442978403,3.5049366751729885,15.306325990507725,564.8400498225246,253.5237762569022,8.682956325664875
32.17445362596989,0.12808223703812477,3.4106846848426478,2.102587697962431,18.588069676983075,973.6630978760963,521.6105395887938,9.69435061336285
16.928123908855625,0.5932541128465559,5.469152273721202,2.9850707614285783,4.09604818112419,414.030013109018,193.49078837792342,6.643580794492687
37.57650639612476,0.4837901877548068,7.285306850393917,2.88421406935944,15.959960704384478,1058.7064537637395,499.84362048284237,9.291685892394405
35.044446314505414,0.2556204999198544,1.2477461195133739,2.6688023579774973,14.77092106793927,971.7252271047839,470.5482365758671,9.029970742379605
20.014790958125644,0.10956452674173996,7.619181869560055,2.7891446306378476,1.2758911250719573,436.72337982858835,208.37272864772535,6.235611473687151
31.280487372702407,0.1142436871973229,11.781662906442616,3.059881173860466,7.744462824204139,751.7924238951625,348.8940049682259,7.6556323424603265
31.40900059296388,0.7206431559980888,2.6052487374912405,2.3227347167767665,5.655309141201972,716.0849872361001,366.071307628968,7.26823798078199
8.60933540925764,0.1939004935390572,9.594103348945247,3.1439917565671855,6.089808487080608,270.6486385897962,124.68781879454924,6.517988394380745
36.58935173378484,0.2925286715866406,10.931626007843585,3.6108646585999726,19.658937591094016,1111.7634160353768,495.8666236236149,9.973353482894495
22.683833035675,0.21999230167024103,11.346938476714561,3.520321859580318,12.855548269598557,645.0321548336923,289.24256610327745,8.408755895441567
33.92601131377096,0.31624722937395294,11.537573011103188,2.3077998093875474,14.353523155869992,936.388984649164,480.04559092816993,8.933728301901201
16.20173603607141,0.10206788205957003,6.448931809169075,2.298498939482948,19.532352746300184,565.4093588947603,290.37713794937645,9.34493885979167
36.343312997367015,0.43929484318120277,11.736771732701444,2.5363487354898266,7.544035649152773,852.5226131703237,420.52224390917405,7.69020224736879
18.62205875569571,0.10070942269416118,9.18479840275949,2.7221494526820744,16.03680336905612,588.3012511935817,282.9556016237864,8.839305128011054
5.379317801810442,0.6502673808667712,2.275388660348758,2.8169111628169654,8.690619266089907,220.03076288302898,104.64981606366601,6.578235636296948
36.68836917467423,0.22528406143282476,5.932041235028452,3.3593944336666905,17.390673436299593,1066.7094802009065,483.39585023120264,9.547983064957595
8.195033687514675,0.45500893595338293,8.732641634315247,2.113360864331671,3.6131508262260636,245.92422831765032,131.40704450397268,6.0740652489594265
16.175977315664518,0.7100593156710937,3.2691476635013665,2.0693454084521328,18.95372354128559,558.5413841919997,301.6766957271258,9.24126254585952
38.252168846778176,0.5381580267853957,7.831136129167094,2.783821125887818,4.375434168217593,822.7500634557531,392.7995985495942,7.1153425577193365
38.271250142814466,0.44971833991350146,8.132565556940783,3.394327384275961,6.524410139618631,870.0212236104646,393.316359022988,7.521052238054317
25.070326084315013,0.2932503148365317,2.2873170281793644,2.386870685912965,15.12384468213561,735.0450431092661,371.4298629015206,8.89068999483367
27.114302425942974,0.29975143479364846,6.954989624451973,3.283008962512503,7.8751028313081335,667.5784723658142,304.194275285479,7.60463316933327
20.695593269241193,0.5521152163986427,9.350872167351849,2.5196562758805987,12.164227535328934,589.7452625395565,291.6337603590446,8.22070841339537
15.262377009432258,0.7956045209158757,6.187189708616926,3.7721722176270327,8.891470021388571,431.59432378223147,190.83657972283333,7.421327985652227
16.503259087947058,0.546379392387034,0.5403961546028462,3.791379888533233,14.847398741795637,522.6312558877678,230.86734202331317,8.531620287928892
28.538145962696344,0.46833756302751867,0.5048462413197893,2.5945744085626528,4.5666250473722165,641.2029037679919,313.63092935546445,7.019545046676738
31.3331085303188,0.5979878826794346,4.541540390052141,2.4599875079264812,1.1691597447375401,632.3692309917349,315.6460518535706,6.430910290289324
32.7052665304047,0.39890420921278863,11.14385119380867,2.8226079441324625,5.998587949461324,748.1089892931235,355.58335727688814,7.351471227776635
32.63663499780939,0.09510675695058891,3.0526506434018614,2.481063170360297,9.486173297368605,812.961807492903,404.4249570342811,8.00225518216976
8.192213606704163,0.47172261190843234,7.758618790911571,3.344767686583407,3.3604010438535714,244.18966801916528,110.77210695832589,6.032273880528896
22.304710664590353,0.7682189633790352,2.9760801000425183,3.652129369096571,7.095945793127774,556.8667322331826,247.7968363683829,7.350233280845747
7.01455660058255,0.18147720676824475,4.131371880050764,3.346184261822434,7.999660365871371,250.50840768594261,113.6271129798507,6.6737477329493196
24.233510881330744,0.5675036681154993,10.237288239377214,3.648700894498699,1.147836873765471,508.4879545735592,226.3120567077839,6.310053614024021
20.453567548068193,0.20070026649429235,8.854792730331384,2.7939843244149483,11.66614496368409,577.795076641361,275.52766086974026,8.122638058166306
36.06964639654049,0.45187076335481097,1.5066316168332432,2.3126339414177215,17.68686855942575,1057.0142284422159,541.3875609488507,9.594034124359958
17.28202543932275,0.12250733723503972,5.37294344344263,3.475901894795184,3.0348582590610484,408.78416938110956,183.81433435233208,6.467585761468326
9.097345574966205,0.38777820219363884,0.7383692582850678,2.7209490102831078,11.956160268030281,322.0716569087469,154.9300116224629,7.535009583717407
10.004708871849255,0.6171224966714346,5.978325700594905,3.342541650458265,13.294784098216926,352.9337185315969,160.12704534828342,7.840920306874082
31.652872110111527,0.31067864317923655,8.084234535732389,2.5412878839635313,8.386693608385766,771.3833998324538,380.21946587223874,7.7813621942986595
26.637632216069136,0.5486837933654135,1.774630433738558,2.162459269613345,14.0219517472854,755.7708294936097,399.2801421453784,8.727742413558989
8.53929366429766,0.6465874705922969,3.7510652913463214,3.9851635909755267,8.21463086982024,283.7680225175777,124.22789057066133,6.862881288095877
7.94373821402491,0.7453833646095895,5.01490485582502,2.3124030158611983,10.092745759548698,283.5489456177014,145.23606578011555,7.113738116153401
29.5339196010692,0.22598156139159015,11.066559886010177,3.976841987926962,0.1470608910885396,583.2491755157513,255.42698492790143,6.21570229504234
7.546705222746773,0.3494869368569811,11.921758178906382,3.954559865132895,13.834402282693777,298.53305072430663,130.86696135170214,7.68093422875261
33.76510207516247,0.1643120099978131,0.9209710683491439,3.5876362078160793,13.226853578894488,910.4861500120301,406.63762846982775,8.720066321145111
29.718477950477368,0.7943626266187814,9.227691912546547,3.318845924163995,0.7680175465268912,597.2414728164753,271.429807343848,6.333675219881628
7.847207322466492,0.7452507259432215,4.711999170267182,3.155614100502169,7.365002147902661,263.7564427605834,121.39486966326454,6.657487023260117
7.969319992981717,0.4549678477104197,4.9525149602619685,3.7322030907556694,19.580636815833348,346.1826121706579,153.38470390126892,8.67119231934234
39.53238524754114,0.681524970782316,9.149473690825463,2.5788790432389757,8.414731251372336,937.842697237694,459.7466133515767,7.892241825050922
18.09947785146421,0.44071848295403165,11.05374661288674,2.935362424969754,10.038908102636835,505.3959141890813,237.35162711582515,7.745686209745042
17.972475147341182,0.5176892660020698,11.430771696229561,3.238779938733004,18.19860316319437,597.1754564469879,273.0280162506296,9.197051156029248
33.44798485401259,0.11684332408701247,7.094621998044521,2.822380951738982,14.345237517315129,924.7290655883507,439.543770990507,8.924236667673146
38.153700208435055,0.616452815372606,4.542605447885832,2.854972908180536,11.64140262248447,979.0488448980182,463.6890575139885,8.485116820333179
39.51003723380048,0.14578511272642614,9.53556939596184,2.660569335004169,15.95609362682145,1106.6987604884216,536.4856972888203,9.317599605677204
31.368236484062958,0.6695507226893963,3.311616045842683,3.128463633369072,17.287325329119465,928.6835033849346,428.40544316210594,9.435865929741446
18.169085493582052,0.6365210657527894,6.943258734468806,3.701149056030232,9.137761434745338,496.38659504714803,220.29657055001394,7.587373967177973
7.922525084453406,0.5815585233072323,4.559510153688529,2.4030567560126257,9.502167298636708,279.2344051677679,140.70672757718876,7.014827200753718
32.20014205746028,0.07712028539357159,8.016920455011363,3.868866077506883,7.721018713036716,770.4092656115912,339.0457016741506,7.6657367479985785
24.544148740753176,0.27734626695899645,3.18862738956468,3.378175307496459,19.33412280036921,784.9310701169472,355.2409014930686,9.647584594941614
19.84777032364417,0.24733442743313216,2.6224781705239786,3.6465464253600604,13.943325085807007,592.5866910058681,263.7733370589292,8.511800896357322
36.722403478315755,0.32010230560363934,11.05157340543507,3.112381385260023,1.6644613241614459,736.593181224939,340.26126908788115,6.588135913420538
8.891911880715297,0.11573206007287891,1.5809227222146278,3.5590334028481267,17.25919246626037,354.54068425043164,158.61023704121902,8.395513468317203
22.24187865018007,0.7527183672732971,6.269111729725207,2.032400794678934,9.611198816725361,590.1502924578951,321.78268344270504,7.805735870901409
5.397377566859667,0.46535168053428216,2.9618922823709033,3.6367608495590704,1.3750781284497493,182.04394956981875,81.0760197423992,5.435211440786159
21.40312246979442,0.2791432329935177,0.8515875745777424,2.0802777181707333,10.994345103266221,590.4022090112809,318.0180278614615,8.03183008359464
6.9706146488643075,0.34773613780571255,0.8178182921805461,3.779826752725725,8.343285579514042,251.66720517038084,111.23588668255198,6.724298529438741
9.158627069382518,0.38540190537862673,2.432572556427597,3.983925494477287,17.554988097252497,363.46028723061806,159.12408538749705,8.472945667760767
9.11341863719867,0.500445750020463,10.454536112269603,2.5881349243535556,4.079892072187747,266.36371982483985,130.40450211108603,6.2258447706259465
27.722360574062225,0.4367595707723733,3.676753430133509,2.4206371125715873,16.52929218984366,823.0713133218687,413.5094595203472,9.216314936583396
31.111570774289817,0.739543979910813,11.42532637867343,3.5307267277160816,11.153773823709054,810.3977798647705,363.1642017865458,8.28806170472181
25.417906778400585,0.4227226121793727,7.1468185986746455,2.5060526818405062,1.092206064269381,528.2357318831647,261.76026363066376,6.322786587274652
38.67603919660897,0.7941185111174845,5.464724601317687,3.731124766344407,19.436906026509693,1162.6527095067559,515.1707736648364,9.963593565507358
18.12047028332964,0.6885687183088218,7.129030482165674,2.2056851843149534,10.252304882064,508.34407986991147,266.0310529215339,7.784608383476801
14.999923019865125,0.20638288576800184,6.393701268624707,2.2519103927587167,5.81753708463165,394.9912206974415,204.7308679854586,6.869435525610864
35.40096948663111,0.7479464109829372,9.201804543584972,3.958303110201231,9.388136839785162,870.6741956266868,381.61146185972916,8.024467710518607
12.825854348180842,0.13727479841410706,3.676954365285086,3.347677796540009,17.15715567034978,454.02276313598963,205.91667687839285,8.720367588197387
38.7127888804214,0.6630872813683937,4.4953845425635075,3.693774448857906,6.09806248770127,869.4975509709637,386.0355851752589,7.445477538896367
5.425406614143572,0.33546747010743505,10.771493909385708,2.6486587547030362,3.8535279297340064,195.56909354641073,94.95392100689261,5.826835615999297
38.94575893476737,0.7084807403338022,11.378895552544703,3.352967499041209,2.581424938617629,796.1733080771412,360.9606387114854,6.783771962732135
6.5105969182701635,0.7010425175805878,10.753675438843104,3.1884836546171944,5.957187967804225,228.14099631051468,104.72077338370389,6.288948624112475
36.19000897943249,0.6544440500882159,5.265596729904837,3.206300240245894,15.60096174080087,1016.7704592774404,466.05067780063246,9.203623015787839
23.469538818020496,0.6425228272302961,9.452239834879828,3.365064919075443,9.432527303905234,614.1795406354106,278.2149747591957,7.80665448180907
39.753767864175515,0.2785093543235306,5.925494506292746,3.150718346258197,4.5496320738708,855.2464283497998,393.79057375560797,7.163802703756062
7.58287976573896,0.11068946228843914,6.171462284894786,2.8581247386053317,3.323699992194984,232.67785849099943,110.16121767813974,5.97265362985275
24.384899954046226,0.3522351340738711,2.774289265064494,2.5518453887610937,6.654589530207582,592.7489031227764,291.71473174547765,7.321299790505819
38.92558874666847,0.18014338623988152,7.257111517798791,3.537162661826404,18.798487457714177,1155.1494660777905,517.4559090824786,9.846648678732254
23.30842454595521,0.5712133166768463,2.559176413938836,2.4525448600063724,6.8605342518004875,573.975287802726,286.844733603046,7.333173688892996
27.02895233473419,0.3095747949033391,4.246150509179448,3.3847086123088284,19.762481519092706,857.8684979579948,388.07667284457574,9.796107971032237
29.351204114461602,0.7817076506449362,10.318350338791248,2.4666656452986535,9.704609115307123,745.7807382342786,371.85538005541025,7.9866848302813125
20.908937266872062,0.530729058008999,2.8020793868459206,3.250660339908908,3.5832783658030176,482.4909034460185,220.39299456511824,6.67601024543956
26.96453280294222,0.6668604227257707,1.2254361080118206,3.4941565342580576,17.822801835870187,824.8667243345062,370.48356985761404,9.436610853442831
25.45100091730851,0.14939350455638634,1.200488074308669,2.4374277778130784,9.207107462696538,653.4633801801506,327.3800420300015,7.813977008287723
36.540530367184616,0.696510861704467,11.313100437836052,2.119886601722617,14.193426870090489,995.9280042136685,531.3412831178701,8.94401567294692
6.590623311951026,0.7420678928850458,6.280277080357282,2.2619474859883484,19.674231664183036,309.92909148482914,160.31696166886536,8.496664874651914
14.833711635728061,0.41529643911420194,5.149180033077413,3.211993934542051,1.00350700639948,343.54372525439834,157.39695433475075,6.018184528823657
38.264401942679555,0.5046897033132332,9.806191539691854,3.6988928124514713,1.9338911957513427,769.6968059687716,341.63289305694286,6.654764991212093
36.159232436182066,0.6236073506772466,10.095580763761985,2.0899936424708487,14.409134829255123,991.2651346815009,532.6665582559451,8.979006925576028
20.947986347499953,0.1811289704453094,4.2534159841410135,3.4683025180832923,5.6365000659094395,510.09363779496385,229.48039048727543,7.048416171980366
26.704640923053784,0.4269245573475818,8.445969466696026,2.6826372919001042,3.6860279390019812,592.0650933856101,286.18849707061554,6.824045172498067
14.708341404339643,0.3489972708292348,9.345024663881885,2.957056739839045,0.7872375963945899,339.22204131113165,158.96522650058424,5.9752852094482805
11.584240590331646,0.15978049412168682,7.993947967645073,3.8577190996911312,0.4369342397240361,282.51908310241157,124.3980033521741,5.770335220286983
21.229444172899374,0.32565081671864854,2.1585028676811526,2.6639430094716907,15.489712062395817,645.9987089112338,313.01713747629947,8.84038307523047
17.36732798091185,0.10112923203912018,10.56024376879786,2.930673867878972,2.688668547391,406.4429992455679,190.97050251042145,6.408920948259178
25.427963914780523,0.06935893021211524,6.653496811737701,2.027364829521362,9.354412319423018,655.2300544570996,357.74120015470817,7.840502115265031
7.720712293774469,0.1513747168661171,3.6766801458920426,2.163197440009677,12.11793630358966,291.65884152296394,154.06030513456585,7.421008312415035
39.10381826831583,0.7723363336918805,5.332646951077249,2.517183182269568,8.567036011376924,932.2056655157566,461.1563757694374,7.91617919554348
39.5173760567861,0.4621471519212627,0.8358246486273256,2.055704481642149,0.5421330467246621,760.7334942567271,412.3030139836708,6.403834196127372
29.43565999069108,0.774366620864915,1.8832548941800438,3.2627506520965017,15.670030051758177,851.2399492106603,388.47324361971783,9.095498243357627
23.763372822044214,0.374373408747599,9.280342305983986,2.852796713603245,0.21026449083306975,486.70650388108425,230.5646104130817,6.129153935986335
15.833466570021471,0.28386209981394467,0.4001349631622473,3.096290405456044,15.23779788754968,510.4549918971567,236.1286473380261,8.567028894390445
33.48282568974321,0.42960639713018306,5.23216361039459,2.3492943717926593,17.866089875762455,993.9160847038387,505.6167626844276,9.583880250950102
28.965591039385775,0.37963376647468255,6.461118100592826,2.5918640588732322,8.656798421143446,719.4557873514576,352.0408650246137,7.785140365643262
10.691592877071194,0.12924851319630792,1.0337592720112787,3.32764894970545,10.710849461955965,348.63684679985556,158.3455029213584,7.460826888167999
36.88245145728449,0.5306197360176547,11.687706690479061,3.9306054472608,9.539667852353075,905.8028371592201,397.49872007071014,8.072668116368735
33.78880350231091,0.2120286368821997,3.023053842496194,2.1008335472044184,7.784172372468776,804.5459289046491,431.193557491759,7.701066902862227
38.242996965217344,0.5146909661733722,3.9287051477808577,3.780768641710532,17.748490707407207,1114.2942226989192,492.49022582171176,9.638598670731133
30.4001827935926,0.537650819298615,3.925733142158317,3.1537624026224167,17.87867021339981,914.5237075676059,420.97761463132235,9.52624327319819
26.469531857752646,0.16401863984648607,3.072833280561259,3.127839133511247,6.716327292830691,635.7799378583612,293.3034131264345,7.37787725672713
19.63850627017166,0.09601222033300112,0.41709633620121245,3.0005570704155207,12.30139508029396,567.1886635317818,264.6740040464248,8.20867318931645
37.64549691739047,0.6355711895513299,8.860399611420759,2.1387881718083666,18.538151242917284,1115.8852935658235,592.7184501315478,9.77871088213026
35.31223613251429,0.39485031782699015,11.61540779767171,2.179753703472321,19.24116997882703,1069.1281500178607,562.6613312915496,9.873682316903247
6.582653453716629,0.09362284662910685,3.0018044061065225,3.2018240113181724,10.17918080844095,254.23769183539966,116.57484861044608,6.973701806528303
5.9228441074038205,0.7961497378773255,8.0913474249197,2.6819171428711166,9.056496105686536,233.56894623709945,112.91146715543417,6.710380276768117
18.176217840731738,0.09333542074727498,9.005997392721095,3.8345361331553613,5.573886318570516,454.8733130596801,200.51095214449458,6.950940213400431
33.36936657736415,0.5712764216439149,10.241734397450086,2.8131810747189445,19.1774374638082,1016.3673841849854,483.6029776494422,9.827246276872954
39.55466452602305,0.7877591939475602,5.302498685357866,2.2865629174052824,2.856286089457347,813.3826247455152,418.6956360497719,6.841664285533232
10.264591188623486,0.2293850781619442,3.913998505428979,3.429437667004072,11.596591520954501,345.9700997392669,156.03801064482408,7.576848475092336
25.79457503732473,0.15668702651539712,4.173423554667161,2.5867068428820197,5.6510053503727775,605.5947248836893,296.54277640882,7.167951947492575
18.331179982085754,0.14103870456682166,8.666407463942749,3.050940614711786,5.580165806955932,457.9886186114734,212.71694790853894,6.957358066339038
38.94700392351111,0.2774563606756967,9.874641811465379,3.39566557101034,8.099371747523769,918.5234704955103,415.2054028760066,7.826045487307553
34.4741623097498,0.125784358257985,2.5067220259765906,3.800528222404141,19.97585871631309,1061.531093869134,468.7081177650156,9.996958490931446
34.341504664889825,0.5691210062705989,4.702915694630077,3.584382389603352,1.0993261367964413,683.343756023641,305.2500746541357,6.455545323029385
21.40426059282396,0.09671884859754702,10.862506282290141,3.352722135745448,11.57083636407063,598.1063009356527,271.1677848999313,8.136321592546613
19.518682581818283,0.43206659611234227,9.757644828458975,3.359266364790287,1.6514431607055435,432.70701091392544,196.08960871375464,6.289647182453669
14.569247517574718,0.7975226403897326,11.824357472044719,3.891849288064173,3.0904165998103794,359.5642283284812,158.0691579331276,6.3726400811278765
6.973142382782449,0.6604777021295142,9.149279812312137,2.591648194993072,8.791258835457974,254.42603695991252,124.4983879734803,6.796864157318799
35.265283168926864,0.5114145786732582,4.9610643319238985,2.0022241883923746,10.209202626928827,884.4273693353854,486.140474660692,8.176785677164654
33.45153531955272,0.27969021558995877,7.251398874337799,2.5439091187963974,5.17584816729048,746.9571179408341,368.03666757966835,7.208004356726386
39.99011856501457,0.5179218772187288,8.067765349268916,2.435782759253488,6.329142617488324,900.1495243764582,451.090702602022,7.502790585165831
39.88228929758669,0.4452810979337387,1.310087469278638,3.3236691702279964,1.7393404051186612,794.0750907076412,360.75981658660476,6.6335599434061585
24.44010969609196,0.3695625379177786,6.716164725604835,3.2674231995310583,6.0643956768850105,585.0975902131073,266.92183549138196,7.214495828706691
31.914559531317867,0.14803278255514962,8.628121610282271,3.186922765409448,19.33116878761088,980.6936662285822,450.2125375187945,9.827929234284625
38.06680054588498,0.7149531614303501,2.3409271264123004,2.0324868864189076,18.894147633449634,1134.6433845745994,618.6565660457863,9.85215705131885
34.737658673709404,0.38733848661599185,9.455327922136464,3.457556108901295,6.6975658027397,802.4450767923671,361.25233938263574,7.510426183322963
13.657183561011918,0.19596688386557382,7.171764253963695,2.647060824970983,11.417078725575232,421.17328869896147,204.53417366345982,7.778911556296242
20.76904473585327,0.3258195131579672,11.445772714092097,3.330111978013262,18.191907822218887,669.7859750983256,304.15284100612683,9.31259249305012
9.520579530302324,0.36059731439669523,0.8920986591999437,3.1131568570043067,0.12367645281793349,245.06922087988886,113.19951996507963,5.595002618629935
38.39178595405528,0.6706534216751557,3.4777831956434166,2.6854618508558143,16.213671406751835,1084.5326416059852,524.0440842795482,9.351074715511634
26.216112205780803,0.6002107854210516,7.378024999877959,2.2691525342082155,18.96739105577838,823.5770085284055,425.39916568453594,9.627943742705664
13.002498192621195,0.626978670231005,3.8400949815887957,2.188837795320962,1.8265146866711413,319.29892914951455,167.70682314374923,6.081160940400772
28.509523954204987,0.05827344832148541,8.687320303226409,3.663036666224447,3.2289537206584207,618.0438782374193,274.85436860464324,6.771316755733662
26.634488416026354,0.3621154986348211,9.2044612772544,3.836795084163116,19.214926055427107,838.5652231747518,369.6044231411496,9.68474213451034
17.535695131149417,0.4110081137264927,1.5891851831711037,3.299576093528599,10.750802872806926,501.1537578342493,228.08037561684637,7.850246570698172
8.974515726987015,0.06439420761729252,6.3607117847985055,2.2068682297209667,0.28393268943447403,236.98281531427872,123.98858460805693,5.584437733030827
28.505061845747985,0.24485990655877565,6.303130444856248,2.8040544337764812,5.152639975270583,650.4749780516229,309.82738437613864,7.127504462807955
23.210769531632767,0.6202173673416013,4.683656934500276,3.4578784002103147,8.998873485377192,602.4257667878186,271.20011242236654,7.720742241581036
32.03114371074737,0.1528322792967493,11.221928405808196,3.5596417680201364,13.858178220495354,881.5535739708598,394.3647866550318,8.808677367208817
23.20572253891977,0.45148259858944373,9.999073310529367,2.236437244582177,14.663207562735991,682.9121904829888,355.0872792793237,8.7536789398965
34.826352511148905,0.21140140401292812,8.487628830151786,2.000061437690765,19.90843025850912,1069.6474570976493,588.2962443574506,9.990553893836184
24.316739357106993,0.05909058098291996,8.686188974525972,3.42427409176121,5.750223987675181,577.9994809248884,260.7759436438544,7.1541806806419235
24.632829003738518,0.23090109319965613,5.755907268232182,2.7131923519724115,10.764402037369505,659.1846698594236,317.40143572854254,8.080018680377425
35.682876093042076,0.7819053161825404,11.08353644472028,2.5089626632365203,10.6664709571921,902.9840717558609,447.2618728321784,8.268540467276518
19.121900317433898,0.6511528339122422,8.45730695613811,2.025794939579051,8.112905188944751,504.32945938962433,275.46694322594044,7.437966418089701
9.690532995772426,0.7696824832407752,8.856180315207471,3.0805988135229994,3.383237876848404,272.0929990506119,126.03996753657358,6.152284933769605
6.007393670966864,0.4158905329447718,10.395614483933205,3.7023014708519635,19.549131263676852,293.6390992391687,130.30914480181028,8.385260131520246
31.429803948576666,0.13230214900812765,3.5792304363694156,3.915263292545176,17.06634373333172,926.1946854425412,406.72984231848744,9.39588425699971
26.710834297371264,0.4609696167302697,9.762022484853755,3.1314899012265784,9.966660565884744,692.6489820728316,319.4397360198337,7.98193412625968
29.642791883472825,0.39078300091997065,2.6647909942953074,3.0289226554797883,12.064908453680596,793.3587486736234,369.2288193263743,8.430392210328584
12.453745652811875,0.683267812054712,4.405966646040699,2.1701127709784824,4.545221071193247,333.502993137213,175.89116298913746,6.52209133325885
9.773001645536942,0.12356193558818344,4.293081269530175,3.0977456030851993,10.875741407834937,329.45633940647195,152.38208042026048,7.4147596669851925
5.509063298375867,0.4161808527663336,11.75089543331403,2.7599581579307895,13.899402662429516,250.39451311002813,119.8807183922036,7.414119175535491
17.270564558230895,0.16253649852048818,10.33583179547595,3.2142705617671536,10.303340567731777,490.23076627309354,224.56227276403575,7.759712136916548
25.64711903991216,0.293506945167545,8.533570394447013,2.7774526957530936,19.805703411698826,821.525464777792,392.5069607960377,9.766369165851016
18.72854157849063,0.6030178080408498,8.833858434738525,2.4805982469007333,12.226833124954524,545.3484023068688,271.31496480820545,8.161289319963933
20.31162227083052,0.40701359702657486,6.920044415069825,2.189930550456753,7.419474251843381,520.3495839879635,273.2405514703368,7.351745216296982
36.645554307281195,0.33191621385932696,11.38625173845882,2.6298368891777915,15.443040552316763,1024.697920547972,498.7766541898875,9.180738700165316
17.188941345815515,0.34585720892752647,6.156601533435394,2.1932896685755043,3.409250231632841,411.2671007852086,215.80280884015264,6.530915216149484
22.989632120593377,0.39458507630448997,4.814005434490777,2.353793901647968,7.690316274125331,579.2275115940673,294.41931146233753,7.4764038416468495
32.42785544594001,0.6387624078777927,2.2912099084064557,3.974672317159092,6.939179007551717,760.3636795022371,333.0236607682411,7.523166105300766
18.878997381244456,0.7190635167051759,9.519985566228273,2.8882071138132375,8.636141902155545,505.5537356657104,238.58467860391838,7.523401687869118
26.773034507975574,0.7665010148779463,8.91954961207686,3.063743533010033,15.635596518574527,784.8686899885428,364.11739961314703,9.028475093923996
35.18272980613608,0.6401775396914714,4.858518446879965,3.7472370574744307,9.683460643268148,871.9572107726544,386.0412745647144,8.076906806838812
38.23322182801748,0.28655517181100953,0.6922436019270606,3.9911378009813756,15.880289005319256,1073.298766706895,469.74715090314527,9.285952605245198
10.147571832516327,0.5661010295649067,10.132369001528925,3.1654288986893633,11.529778062797318,342.80733629063866,157.65044261129398,7.555993483963641
37.43056688065231,0.37820234304154393,0.5324486080672541,3.624947642088343,6.8413886931511065,859.9028957683344,383.22539740225403,7.571139475563486
22.224070257783836,0.2410029665345384,8.56291744369699,2.6538820486733505,16.199574873669448,680.2437826475514,330.04740064319714,9.002676037286712
14.038553590463541,0.680653684569442,11.654982472822262,2.611487914894582,4.765793411061832,365.9035888688461,178.55298484972894,6.6411543274269835
21.069751468339145,0.07881976172174375,5.476871406519161,2.8054074419891206,4.487659595995909,497.3790793967271,236.86975860774953,6.8439398931695665
39.3011401349917,0.7263214941015677,3.125691497953052,3.345014525347298,10.090058481096715,970.4124139433984,440.20188494161306,8.206249669026661
22.241633289750435,0.3961080984685506,8.576503716503227,3.3643833785101975,5.216984919241778,529.759565292467,239.98524837460565,7.007023201647171
16.506306360062787,0.5279011076062103,9.878686447380788,2.6304788692989014,0.18174069902432644,363.5998605873728,176.9685904655787,5.93479662328748
27.169029901085402,0.5445154416543371,6.738591666503029,2.2664198482732574,12.96595054597603,751.3286243071142,388.2922259095198,8.545343746134167
13.405096657236758,0.7213383055299023,11.617609192971296,3.264792512931017,10.22187642944796,404.3858113093106,184.5176646633821,7.556813553048705
7.655216483803237,0.5275022616254055,0.9993571712323488,2.2566517243775293,8.910356289863223,269.68023544932026,139.6460503716557,6.89048882149485
9.510790266872723,0.5104501885700463,6.255628940332526,3.15698501645866,19.339370292366308,385.562131627557,177.43621234745396,8.807418186190521
9.481604363522035,0.09998903042051747,8.734065788941582,3.386844256112618,11.423983679258274,326.96285735177173,147.88762794310153,7.481300927597431
10.316594272930303,0.43880601645890305,10.406629465330477,3.4012229927889033,17.26863155578769,390.97346762196526,176.66753670566,8.538125850170225
9.858951042729355,0.16262675061278126,2.4793650981303643,3.5069442213191935,2.7890047241032034,270.7582518462735,121.51246178086019,6.06437077291845
27.43061606811251,0.6030753265411142,9.680040388458705,3.7457188431313293,11.384129262588553,731.5601631647731,323.9086897916723,8.259073584929007
11.365802953970068,0.4341664406095059,6.811402078335125,2.999917983929577,17.35959253461806,418.5066595241009,195.30463336365966,8.644240789165012
17.09835491633521,0.560170834406265,5.000022711083574,3.4604983790591426,11.66211514559796,501.58694700576643,225.76638097049346,7.993941414531669
36.387594346710415,0.0812546754517882,1.9278943315174852,3.2383454707316734,14.36028356254003,995.7450118931376,455.2688986810151,8.973182949410573
21.588657409200533,0.11359401203435242,10.437430803343384,2.373279879595365,7.4408713562441475,546.8895235274418,277.0134563982572,7.393232020826841
28.36452084823595,0.5872425410470117,2.224369214884698,2.0513792897388163,1.8489903407413322,592.1436943727159,321.28546307300076,6.513422210004903
11.031195492057044,0.10406325199900503,3.993539166825551,2.5690827713538678,9.15800590254143,343.62442518347575,168.68747249177687,7.222340295477341
11.730115658303477,0.10344254582394395,3.7645281707642675,2.8860674126752386,7.8895878167771505,347.9007811199813,164.22104213003135,7.053192939060471
6.43040156932676,0.05908135642616559,10.50840279661391,3.2342118888573124,17.341203647578947,292.19243942454557,133.63733358674872,8.099357125185742
10.912727207525759,0.7673760487246102,8.203354732823216,3.6999186610064108,4.879906047049445,306.7440656401189,136.14207706868825,6.487569186067659
14.750661866118552,0.6031312695942552,9.641504207419919,2.3924914334123315,19.33468455070216,524.7426028052,264.9013601952612,9.225975154361088
11.19536694968614,0.3149385563765481,3.305427625992988,2.2510995797969544,19.162762396089924,428.8797039757041,222.33242348206636,8.93715040925991
8.104588681496946,0.27240168596574144,7.648539555441188,3.926959894948655,4.952632861428774,253.09333152144097,111.08467460243214,6.286241431604587
9.222255488521029,0.31227742230938715,7.032253404467485,2.216089118752814,6.96103910954641,289.0883359537212,150.95425128929094,6.714296769001115
21.127256881145403,0.6309901483858864,10.060832370743945,2.9569821402143783,17.9111148174777,675.3957643956206,316.50429753083256,9.275102934019394
12.221680144202738,0.5460279583028108,10.910609901582623,3.1711274575866035,19.33244441792215,457.53225666853734,210.3118293517232,9.050331197127658
17.749445136682642,0.18889667590060094,0.541018549137687,3.0827488418148765,8.868782056720882,484.30920786548285,224.30088146010698,7.523411946077802
22.619604479919992,0.18058200150056325,8.218631061081995,2.1720643140658864,6.419940912817957,553.8702732079984,291.9872332775347,7.235498728551122
29.163819002027786,0.12379673728504799,1.0012952697888566,2.114053828007239,10.521880265030841,755.7973064347249,403.7858496499159,8.134764690286389
6.375924894438462,0.5452270397760036,6.766760514897329,2.2109668549220713,13.755384127314695,270.2223551969972,141.2560849238675,7.5187469934970705
32.97936396181649,0.623279496666302,3.736539656906667,3.1711753677452252,5.469490307499596,743.4105399206351,341.7188954932367,7.2564380512428235
26.97651363218177,0.248784821243753,3.9586085544568377,3.088689775268642,14.729463492381456,775.2786912703749,358.8711194836134,8.866277518946813
7.861566118210517,0.06570872077318461,4.494318640047337,2.4674815840734885,1.0331471422928207,222.97009002814187,111.16106959796241,5.622902262397709
35.575251843737206,0.11162875060732051,7.6069924089754775,3.275548283691183,0.9858898552883288,702.4515418069607,320.2631610515959,6.44816965672151
37.23053401861346,0.7758950261337729,4.274979601757723,3.6401350041112988,7.725754102910905,874.6887943597955,389.48232467685983,7.735383305444413
7.137728594920231,0.2715835831080652,8.899308986847252,2.0831579196931873,7.069463841214412,247.3811205781116,133.15617390550506,6.536809509482825
14.69071768515213,0.6269173608786003,5.092517672656888,2.996259887096085,6.312664307343045,393.80261275530677,183.84013595968443,6.9420917966467846
33.21704479275715,0.5184976766406979,1.19289712359552,3.3786208242053806,9.8203952533782,831.9421419586645,376.50544591030985,8.073767987411433
31.189089163428044,0.3364547297396719,9.491614172815645,2.504623854139374,6.414671646231424,725.6224067764741,359.65174965681234,7.406371745466725
11.458235677473207,0.20426544664666635,3.7147965652753894,2.615541810586298,3.8451583693618385,308.6688051211725,150.5395417571716,6.345257817562942
12.327226316784861,0.1410398136195548,5.420095803351447,3.227275805978768,6.189390981772018,345.4566981902411,158.08357865120834,6.797911191749484
17.96652359769837,0.51125972602915,8.351149045374058,3.7958705868874736,19.4980854562047,612.0758332826753,270.31821178909775,9.428691229763674
21.958304481685747,0.6309753354783411,4.256491422925059,3.6198488406057985,8.222268339896972,565.1189176555216,251.92434657097263,7.545405889054807
26.63891700356036,0.532928190155848,1.0563936113019012,3.166260438199167,8.894255537166716,673.9622798153529,309.92098099748597,7.782717684228751
17.911977384942034,0.44772659993686875,4.737484145348638,3.4604434355144984,11.5308997990228,518.5379155759952,233.39690779762844,8.004605868131513
21.188715064660176,0.0814634175737272,11.35560355925392,2.7296449404155974,19.66681536828453,700.1788297163139,336.45449639228286,9.595199078345802
31.16148283468148,0.7763665831957879,7.8441190086632755,3.2819310561975152,4.83202552871526,696.1988122573773,317.261115852139,7.1110567002414165
6.283912101170927,0.649035643740931,8.1891581245396,2.9323631822551137,13.625642210648676,267.2981820989802,125.57068586766441,7.4852933903749905
13.835293052040726,0.26961652752572357,7.734472982196622,2.379872272915122,14.319693870834483,452.7730547017102,229.07423032794614,8.294334380996897
29.967235505959337,0.784977747019138,2.7083088119294665,3.403476547754514,12.146488335861319,802.2278753677467,362.4442544553879,8.451791284533519
36.33223931905198,0.5014111922272416,5.252672823586449,3.112929274697644,1.7715667927328815,731.9381331994246,338.094962745595,6.604116051361934
22.908710474048313,0.48681699365543485,9.110901661014491,2.717243163907183,13.537445516551529,659.8719040759202,317.57210373969735,8.53962386596444
23.623971984286047,0.6110548845721491,1.575925611616646,3.8226783801572615,1.2818942207235096,499.8213301824441,220.45104395106955,6.322056323991247
8.751020396892162,0.6588273410676032,3.6230922026406622,2.0418682356534665,11.922852990997939,313.92837856139215,170.74928901451153,7.4963404287809405
20.659432838820912,0.542358955498627,3.605301658203902,2.6315463024989922,14.791623544434852,622.9240564006046,303.1411018363242,8.694157486003236
23.64160432592581,0.14607180977465,5.411419560096269,2.113762795555293,4.219397812399008,542.5709854303251,289.8894259376396,6.858956705754203
13.486467627215537,0.3037006294958738,11.772277394929347,3.533054632443254,16.832440150855483,467.82038748022256,209.6150601677418,8.709116744488318
14.423513083228334,0.7460627302445373,1.1830295415323344,3.404214908227585,0.6070761106600853,332.55429141190257,150.23960416114284,5.932242466692457
18.204945708661793,0.21846170888288896,6.4169315348149025,2.662704437472634,16.87625727316612,587.7395739735538,284.83405201365696,8.971429752350634
5.702491922220423,0.32912526787813495,2.480630311341641,3.351325804414146,9.206581012855303,229.66732745538602,104.13615697700665,6.704395923283114
16.27277079541124,0.374057662208147,11.659847926753033,2.7918744523919,4.35175879863289,404.4001788972737,192.8894765875601,6.664260661559502
12.400680244879062,0.3795537422708391,1.7143206548385845,3.5125075828448686,2.67556289987936,316.07760992183887,141.80233842600143,6.197393540368441
16.462407326227012,0.5097046868708942,5.081771627394459,2.908367325473412,19.06614335164745,567.3134492742174,267.1670331095969,9.276494201222471
9.191674613673793,0.7573068783085307,8.959465824081432,2.824559455663331,1.4533117516231342,249.03700702203324,118.34376430964424,5.7943629720389405
36.16845482589632,0.23051953387437873,8.572831365118365,3.869459830976602,3.9818683987185133,774.9399629780445,341.0300620009342,7.018040056259255
25.775735874391703,0.14112603222568854,5.303652187969615,2.5017581997814005,6.956446948660919,625.4909666139182,310.159148570836,7.40757766391887
28.768581170057136,0.19810286739495298,4.419680348251532,2.240894679993131,12.40469697922241,779.1264864152406,404.74344487320377,8.476002735180112
32.62099335125684,0.7151936751569522,5.012303591213299,3.1690862265189166,10.896021705521967,839.3798934463758,385.8985813702383,8.265478750734733
22.445476962517006,0.5343581094914045,3.4656046526402156,3.938643624568358,2.5128698482462797,496.28556285488634,217.7092870990431,6.520319106393229
8.042210083059828,0.2644300919293701,2.7818620889988774,2.7556784274543733,5.794559674764292,257.42774397504775,123.31103106856425,6.418760074632983
23.79872896364917,0.661960204226463,6.003260491683124,2.124073527257563,4.775035421720482,553.6194970160055,295.0724981429087,6.964045608852827
25.53943913073077,0.6960274972725771,3.514991570384245,2.6786105346191347,4.270857089806828,579.3152977783586,280.17091185489494,6.909063631270524
31.09038159645155,0.6848857540177086,3.734555312808101,3.011863308639117,8.222886729599741,756.563191988592,352.6662725570947,7.741681314845691
20.10808411803878,0.7391949002296658,8.018370336304862,2.3238460132644274,14.080629051833139,600.5338922968197,306.93632874896707,8.546066530538354
9.46531059784473,0.23918076513002118,11.63503304771875,3.316204436112984,4.349058644344719,274.9691194814707,124.98976594378362,6.29749165790164
14.932156702955357,0.6162814465597087,7.4021915264887514,3.9954987780204014,7.333577594059628,408.8962938691286,178.9266969001708,7.132278034999343
17.70788037395223,0.395404622955605,1.2929618179536089,2.903478951962888,7.818348536823246,471.39164861193694,222.10691019184762,7.3345859986117095
27.607103446606043,0.6814989146675462,1.276769920707177,2.7094571134604255,19.529130588708203,869.5154835268623,418.87254299737947,9.76788785789024
24.977240663411916,0.5963680078712099,11.436509361808564,2.8014083336689333,19.093327137581376,792.7961744894706,377.7306580912355,9.616282727609455
17.46338540642462,0.6323355848747936,3.84857316756507,2.230292356790402,16.002751655041518,559.0589298368797,291.0585541189914,8.782161851830189
39.52803370775429,0.5421213782608036,1.467977038556715,3.766547202852448,4.833178416383703,857.3016978006513,379.1781999642735,7.215124472197813
26.20211867749105,0.18307157710228017,7.3489172109444265,2.8296513110427037,1.3607462818333937,546.0811078575989,259.3530964039862,6.386517899746175
13.302937710759807,0.45877018917270374,7.634325828167087,2.774548822849683,6.338082754412495,366.28252693460126,175.06147231358145,6.877596543871923
8.562386541714131,0.7885023046433812,7.922655913376783,3.3193805458609487,5.335890988676617,264.5570111391171,120.22923657013733,6.389345170100992
10.35006987145162,0.7530410498728393,3.501863523147479,2.8840668418622473,10.118516002927878,336.46222964945366,158.85529141196113,7.3342986049968015
13.608520493457785,0.08238030184775876,0.5752839368879104,3.2964669376156923,15.554558201355862,458.91351634502416,208.90412528222546,8.495047432497106
10.623848064084449,0.17361111179707783,11.594178285671873,2.122892580261575,17.166458777577162,398.01120080211183,212.19406385438054,8.548420271311489
11.529845841795701,0.14879658009092145,3.3103593300167886,3.627446687444455,16.89728170821017,418.8466016163271,186.63735660354587,8.57859514118552
14.978330904284649,0.5944849324889716,8.241904941409551,3.881007905758805,7.193511224461355,408.43193289529364,179.64256082993802,7.109862497787173
11.068075835316419,0.6633389973927089,8.596906490593032,3.2975307723187717,13.744686869213659,381.5924387624232,173.6928506589226,8.004844160639788
36.38678986192488,0.21013352473300395,7.476086038122034,3.9091318577176217,6.256683950484401,826.5423871666289,363.07002147252626,7.448543945059108
7.808181098157477,0.42938951971387174,4.02972577287832,2.3028646287399264,1.2181108647036543,223.23966461503088,114.5531001652566,5.648712226381328
23.357898634958914,0.6805272710084,3.5447165436631627,2.9548323789607074,14.031305312058846,677.5572099539945,317.58487285001496,8.642890492650924
19.363888944638155,0.599601158574688,7.332952079351356,3.2036134678908947,0.1965510513957569,412.0940689950385,188.92932462504595,6.02391085315067
39.383251591801226,0.4566779041188862,10.446709349895622,3.1634732948423734,8.183651749169771,929.5283095220259,427.5408725219942,7.846893392034438
8.921361575881832,0.4927607678440797,11.382111255511388,2.8029235581780867,6.587585386041514,280.3495979916273,133.55043143735043,6.627116777439756
18.92494596660096,0.43127041018720996,1.6285073310835885,2.6761688187325228,13.867550770377049,569.6640272992089,275.5902918735015,8.46299231955152
38.93146516463791,0.27316133848911545,2.1960119061335504,2.253648045100838,15.324909455207578,1078.3253267779726,558.7182337832468,9.190638502293961
35.29274940628931,0.47376649464426207,11.358940601883724,2.7834849011245564,6.081892719425676,801.140378623573,382.4976289768454,7.402074385298229
33.59752248322479,0.5666639765375681,8.943808648683595,2.3253216302109703,16.23254028889707,965.0723900303417,493.11800910825997,9.280094894300788
14.026598946572895,0.7049921868956058,10.642728368025368,3.468731352984437,5.878335210098675,376.3519613923726,169.30818421283485,6.834499730171533
10.981065558652304,0.5272185154844361,2.7505385559699804,2.41766187098918,8.926527199731225,340.68380525465824,171.24480925683156,7.179445309894341
28.402512697355085,0.6208411527823685,7.2159961048690615,2.1171306105690677,14.540370540282678,806.666206925233,430.64809593534056,8.863851939361794
37.528159619465505,0.17005372621592973,8.533219295242695,3.1047322756344684,13.858404584495771,1012.4189312793648,467.9853663290732,8.894881231671894
24.486701255487542,0.3961681058148424,8.289297871184882,3.190459465438803,19.747369446244,789.5516598085675,362.36055243864115,9.721536866414827
25.006444131446493,0.056998714870319975,5.134559614053698,3.743826122561011,4.503220484318637,572.7219176969813,253.60556308379037,6.940728488244845
14.799268278109945,0.23500914839121728,0.5785807436191783,3.1539632248353637,13.246358270791648,465.2254300722368,214.15106233851625,8.162111597571041
31.93225266171779,0.5948462863347537,7.161942258929453,2.6909617074468914,12.193638165515548,848.1882589451054,409.55477254252247,8.496272585776214
11.546531199513318,0.7938574635120226,3.3359778544834615,3.606023763052641,18.301969089800597,430.9941589321307,192.2844892184884,8.819859739468493
16.328773274148528,0.12438357469041193,5.622949255257528,3.0805577863748423,3.127242832897501,392.28987746353664,181.71868937336367,6.4498094177297345
19.890275351574587,0.3511207368959662,11.50793977497228,2.1585605692623835,15.035963271738659,607.3194216796935,321.1337448334449,8.71012442902119
22.766363253955927,0.6500532265243697,5.028809684652243,3.1317011206264933,11.365372325375366,626.0826162170137,288.73511954420593,8.139832596386084
13.484340634527808,0.20302672597167415,10.14169863730735,3.8160370908433245,5.493317395758108,362.0358592776028,159.73121233815172,6.7404602344792375
9.019288865872124,0.4663137119767147,2.587071026691313,2.792625250996441,9.488698282943481,302.83840425861973,144.4343400776452,7.1175336794684885
26.37170148545714,0.5998034720222561,8.200541777090335,2.5926516037996,6.675531941395956,633.1578634301758,309.77960305091034,7.368362182454871
15.102069363408951,0.5119890876951343,11.733280671491745,2.28693891403604,11.586268055769217,455.50626838286604,234.45854541622774,7.886847904704781
25.34333774979143,0.19101855096156212,1.581959970126067,2.302891043870715,17.78001221629332,782.3757053617475,401.4658836476607,9.385691513341568
10.40269503459708,0.3165384265143046,0.49651132983542734,2.865542968683638,11.386099688244041,347.46470991871104,164.37503052296051,7.552474444976175
21.83990356491861,0.6378438383640479,5.429560394538327,3.191359648323059,12.63444836653168,622.3750786584197,285.61505309445204,8.342856434564585
23.640630139305504,0.46566988559901246,1.4744556033958593,2.1612308103392035,10.374956942294189,631.4865201499769,333.7118235961054,7.983235698779767
6.8138237887849415,0.053922210157184555,9.081258456244283,3.8791371780503314,1.0233101289095181,204.74764426436363,90.06299928681769,5.528556223798783
16.78114973678722,0.6207430700210704,11.008764500643284,3.510267234890392,4.657171137521885,417.42029248468515,187.2937672194758,6.737706634572025
9.704513692864099,0.0764835162051793,5.434643283421603,3.1732478365673256,9.840034588641656,320.2464262269699,147.18073154866917,7.235362276141975
7.218123966546871,0.6093003370484241,3.401055049003115,3.6568773418779816,6.204705674894095,243.68979895237783,108.4096361813505,6.405252039950973
39.64860813364808,0.20186042012392807,5.439078500476674,2.1603735136242266,3.6352719552238844,832.6427175937714,440.0986027474081,6.989859726926906
16.282384574115305,0.7685551100895351,8.791994687060011,2.9536777554662486,10.082656838368766,466.109220109048,218.4999382802189,7.678145755189368
33.34560560491222,0.32595556347656335,0.5050282743323034,3.260186253723327,6.456195868957007,769.6656393468747,351.3141292116885,7.446166315246152
13.912422916731735,0.2951987122535593,7.237666278022488,3.6573058122365785,5.162152863468295,367.2608854479661,163.37851779676663,6.704158400804423
28.852595277837523,0.16166603774933352,7.514183544693597,3.566939120098535,9.279708348807617,727.6997083070189,325.39710004025676,7.898490761052525
31.60797509613903,0.2792031616176612,7.797183663992852,2.5541384994267995,2.665685161643463,664.7893665632981,327.05870214875716,6.713692027423049
25.84735592127455,0.7074880713711504,3.2074561277781757,3.881760339118409,18.554914661508146,807.42956640422,355.12312093982183,9.54201052847044
21.505166599255542,0.7972507532204356,8.68301159118627,2.2486916828617405,17.35404195838478,677.716467182988,351.5020303746853,9.187766690327217
19.4144319951544,0.32623214788013627,1.4601412414486061,3.750267237242304,14.152411714810707,584.8272201009324,258.8799600666667,8.53312912270884
17.210389329004833,0.3864579732159069,2.711535903014889,3.941880499209237,2.124276551769124,397.2677638175264,174.24718705420938,6.303238853363766
37.53352004867391,0.5915532036520528,10.57865254119199,2.354307046445251,15.51754508939386,1048.145081038088,532.7189903609376,9.207678913623667
34.07167927257052,0.7146468353488059,8.96918854842817,3.4441321284075705,16.15914656218038,975.4813923981436,439.5338619601066,9.274470705847278
38.77594187332794,0.4947832506400881,0.5594484265316049,2.080571037555997,15.355292354286753,1075.1788482150203,579.0991933915021,9.19428924490003
9.350402821994066,0.34364427363337197,3.2811646202896823,2.81084565027831,2.279317742384823,257.8018880039412,122.69853085725111,5.943421386785123
30.58036163212755,0.3594663806364678,2.8871152027207088,3.032566598395348,12.878159141355294,829.426772842341,385.88458059461203,8.599471210260933
37.841915988736325,0.5717136098726052,3.5413534052288815,3.1612904518192684,16.686495914987972,1081.0076988589533,497.30405707360296,9.432482700981035
11.343157315798106,0.052413697703209014,3.271693335246682,3.871874496497119,11.547068024393354,370.00738317784425,162.81172699969883,7.6514371906730805
7.327369357837212,0.5146920030948805,1.1253050306170107,3.3445013745883894,12.92814750456178,287.67865267884144,130.50253418167625,7.507580615110452
30.939222725152067,0.31661975783101803,5.7237099925231165,2.962555902438474,9.167269588526123,770.5156571187919,360.8806644214829,7.915059451056701
25.106558961296916,0.6456479984578132,8.899708307519516,3.6193500725317787,10.574146397681051,666.8333731479319,297.2760470464997,8.056812837933302
34.46400718653952,0.11974297986734912,7.438088006722262,3.9010656419088177,0.6875371670345043,677.273838640582,297.61185780824144,6.379744951204399
9.892033181920132,0.4911517002112929,8.205311355737726,2.0441322973645817,12.779260439465691,346.41065643973263,188.3064057942203,7.744467113771731
32.834355915096154,0.41072966741459277,1.3413304710203742,3.9650425445120776,1.6289442578231839,667.2733169875651,292.3752430011141,6.536391252258044
12.056956201671058,0.5317441444289206,11.437292238050732,2.1722642781273604,8.700291886804468,361.6729919043274,190.6569305042816,7.212918815152907
10.727958000299658,0.09864019586222626,10.126505272579088,3.6287735585375227,5.8531019533481565,310.90363233089676,138.52778147578778,6.640417120241772
10.749302927584754,0.48498784057109845,9.739047694549688,2.560669505102825,10.908559004234261,351.4898010506838,172.75894771244415,7.4987278707531555
33.51011520809837,0.47111344096964275,9.946612138484502,2.2643593155077433,2.6683267104641417,699.3829512828626,361.5950620933533,6.739397833773463
28.281902724367004,0.4704950708121282,11.219441894340031,2.87971127942767,13.832868039466364,791.8752049960997,374.04420816799325,8.73025002036924
23.307289866919177,0.5026157499473412,6.7133460069188935,3.2879131588952273,15.900230738569407,703.0355154540745,320.2342577188543,8.982387404882802
17.559066944322588,0.5573509529197718,2.7232714072644604,2.76190369004695,3.26708899486313,416.5095144777327,199.36495414770567,6.518383716980742
35.70201892845879,0.6537417497605773,7.554689851089478,2.109130816565398,2.086261747037643,727.2391336929331,388.98491315528406,6.656343588001646
18.73557875979224,0.25236554009616075,9.017425326548093,3.1989222793174332,2.910309655747183,433.95966629941523,199.02832659398427,6.492616751608148
33.5809803815052,0.6687870576350465,8.959841762906695,3.8048065522213497,17.542551237970034,990.1544177715947,437.100034628116,9.525070440253549
20.369721799957645,0.4236917616975902,6.44880868033581,2.7664307318945034,10.563785235127124,561.7840640886402,268.7570486937767,7.920896342233133
18.193055029871765,0.10779370935074838,1.1941211442695054,2.432665555261654,9.345219920150052,499.3273381547138,250.35672171827616,7.6253394281080675
21.193792498436224,0.0939131969329844,4.704910085789483,2.8851546918656306,2.1342363820470855,468.64880153285833,221.2395913145747,6.421211653922137
15.548225595744972,0.3006787390220456,11.080892658174944,2.0967254220975615,12.991120135139235,480.1780750490626,257.6058001200319,8.156505433442561
31.16632830616879,0.6386727328336007,7.179607353186142,3.6409751689605496,17.3599918379018,924.8533978357827,411.80034599571337,9.44539289571462
22.59521365323677,0.5807607010556869,6.644650541766276,3.6526816219003733,16.563717386469058,694.5864937430995,309.0704918683454,9.080982425754256
13.127444330138605,0.6414612235043049,3.5187007668334447,3.176000926859257,12.521094179616025,419.3103212876844,192.66580042256524,7.938685147820405
36.4851100646099,0.437951792331207,4.674007471032316,2.7062057778767787,1.5055743330334725,729.0788053678638,351.36311412243816,6.555710927174996
18.4361927480624,0.3801492484666179,10.786014634176764,3.599566728891567,2.2479405435202593,420.65518908971075,187.74154145403574,6.364837676870729
24.0243501389896,0.16058939502971298,8.130971351311294,3.1093740495767346,0.9861797421964935,502.48293709233667,232.17680204655312,6.2762608441576395
36.72652388375914,0.2961445652069837,9.533689510327061,3.651864617100032,5.149584329849386,810.0240152430201,360.45308326628515,7.24423849569183
26.84832985698972,0.3755145246304064,5.6704069075848,3.2629175851660412,2.713229343207555,579.1195380001776,264.2845917851379,6.647314696305544
9.091431424792741,0.11645032225971293,7.710867745691432,3.568810946425595,5.200960805048678,273.9177757586584,122.47111113091697,6.410645637586907
37.894124326471626,0.21545896453340846,3.281249861421207,3.1971259864355197,7.701161114379234,887.9010924301039,407.2794688183325,7.738690784153078
26.969781857499626,0.49866897054780407,8.583345631288442,2.8282821364313326,18.859655681422712,841.7236674477185,399.82521468882067,9.628011645914254
16.721696512998015,0.6017473356793924,5.360175470958713,3.915891719852275,12.207521195633841,499.01386658478424,219.13106244147951,8.074103916329786
9.874522543218553,0.7987606335447123,5.533527971851049,3.0822276497576895,16.699475713659247,375.41845472292334,173.87770345412872,8.40119681664681
32.790881624460354,0.7498349985076683,7.932138965091827,3.210179037081077,14.207030014246644,906.2900610540565,415.28272737866524,8.887182869914707
26.702546457497974,0.5319238996513936,11.26085520903955,2.4409752788294985,2.250062610532635,569.0615437221142,284.9284575325287,6.559305893232632
23.671138219171254,0.36593603997055396,1.1424736206600028,3.251301578854553,14.718408127478977,694.9791299014357,317.43815452584596,8.777444310236367
36.28624040678352,0.5271330235311745,9.967021553225289,3.1432152989658877,5.501977631182489,808.8161622471821,372.6458376283753,7.305349515496846
32.60090239285857,0.639238713560174,3.79164408078144,2.36967679589405,12.782156939894127,874.7073882740287,443.3451152302912,8.617615242245295
10.308620790646291,0.13875214319254048,5.549465672273983,2.1191741947062877,6.8192394728597705,310.0752770603745,165.45726274942956,6.774410385271383
15.910272372844188,0.35742866727221617,0.6541946137901039,3.2087186394295424,19.953445265293183,562.0783440208612,257.5868825577369,9.403127413290953
13.6971198935063,0.679851714226713,3.8921345028780308,3.527384538700641,5.271029589935557,364.1068082075481,163.2006986768552,6.712537147688825
31.038120240043693,0.337874713949783,6.2305224145095135,3.0468027418440164,5.582609415485393,707.4689479188633,328.7142893965098,7.249006289940885
6.173635215752278,0.4789042034203899,1.0516424972302927,2.4535452506392916,18.613445111247966,292.7998197991945,146.30319510788178,8.263224369533173
24.94613897049608,0.4908270206466487,6.096710460844716,3.3330439533860696,0.4928880927264534,510.98955154165185,231.99404801606494,6.203938519160053
31.68605400092417,0.18835718985022953,11.154483294757757,2.1602114532192047,13.933779757463938,874.7375617970127,462.364973543383,8.816573819877812
35.68679728666123,0.3216765812392163,1.6225613300505404,2.883667409603909,14.506527814717563,981.8861011217248,463.6015317442377,8.990231942880568
16.97286120505676,0.3008834665564491,9.26751244567585,2.3267335167968404,16.727571548207987,554.8850254897548,283.45200611239113,8.887808584422773
33.744005663520454,0.0696475313990486,5.152184219161515,2.3689181021197667,19.488786212769508,1032.3763336999268,523.3302304187173,9.892451069707544
8.872110793432253,0.06814382291851644,8.000015088482321,2.4045878983164073,19.51203838313305,369.8002519679608,186.29410677222015,8.767136643315823
34.62583021070814,0.6737727827568302,3.4187445366286604,2.773414114087956,1.3055351513292779,692.4043188432236,330.97264763657256,6.497509284117432
9.462103181619383,0.2548031074796093,2.250110245479756,2.1023004112407953,16.43678645505805,363.0929685020045,194.52953910050232,8.317279189695691
18.905055169612854,0.43855907467911154,2.2613663255462266,2.7955868818581964,12.926198673147626,557.8387538629826,265.96213580845307,8.293441516418337
32.90533780228438,0.2740441801915798,1.217706569460478,3.0234148942294015,12.946842687461825,884.9384600576107,412.0610300900763,8.65352550647501
10.247109957207083,0.7555094338365054,2.553501776854419,2.96658856993265,2.566998532293896,276.12370522922396,129.27471268502967,6.052984957657101
13.023798833142452,0.2444725691493303,8.104944865872032,2.765568200806081,13.003743328913068,421.3011646611036,201.57074746751312,8.015700074088489
30.27883989375732,0.3722426095542013,10.627611097384694,3.6782932161415047,19.649651612024957,942.9060322046914,418.97691905349393,9.853026213142522
30.201278779112602,0.7045476878634515,9.843857952857478,2.2906533848410082,18.23637139078894,915.737042685321,471.0084619428634,9.588548571688344
27.440167150985406,0.6814501750938565,8.347557994544015,3.011393487562748,8.78261321609701,689.2032964585246,321.2811862869593,7.778781556219172
29.2881955563485,0.189576063384708,1.681009615568791,2.124082833913109,0.7989594657218868,590.3747708514314,314.66192668792775,6.333100993951606
23.995355517165866,0.6519824823467828,3.754574377033018,2.1423113577558195,7.245869800004097,593.5395312343618,315.0111665702476,7.420321126495016
13.812967061743347,0.3936401650534195,3.99375975374064,3.1477316993541926,16.527806232011105,473.19178029349587,217.9312248063341,8.67725658694828
17.09935977263718,0.41222665406401643,3.299500578212406,3.132036849775642,14.029982029303321,528.0067612615123,243.49783234552132,8.414665012087436
11.3559200880499,0.15010997931195785,6.374065652632789,3.756067025688914,9.186873111879128,350.82298652311357,155.2493252122234,7.2499366587012775
36.79576964667699,0.1104511353178435,6.612424252604202,3.115747351320146,1.1020307031766219,726.030227308756,335.2847167189362,6.483024919855252
25.418712816814217,0.5959544802303239,4.5398773119848785,3.9195820408097006,8.537894556466053,642.5016192565414,282.0932647540636,7.690321560599121
19.029799586727396,0.4223458642664748,4.503954241342658,2.0973896967998593,9.38049879435767,517.7694022416736,277.7280306219151,7.662201128504364
21.170203127544642,0.37763802696138465,10.011244935710543,2.196015369561482,18.57111065788272,685.2189004025158,359.34059212179795,9.396148493124231
38.15491688641354,0.5971311714892976,9.555797040508352,2.088131723140763,12.821722071643189,1004.7713845279718,540.1705191356808,8.707816651480032
10.367299109062806,0.6241346742433324,3.9704316474966492,2.37055370066708,6.233058333092978,306.7197115387554,155.43653008097348,6.679691112285825
25.518044120587902,0.16918112575201516,10.999945948929808,3.082540221883356,10.506365289014427,674.9039242258548,312.5778656175186,8.054216072963593
22.70610376095631,0.507668862108231,11.45265419722907,3.291144362854856,1.3211061564432014,484.3418899195914,220.56606063356386,6.309389086810109
26.400898240212673,0.15151556170826413,4.190213487548474,2.0911703158973376,19.451364712994735,836.118455982328,449.1676758647404,9.722053768990875
5.6338564337294175,0.6135313145217843,4.511329405999437,3.891941779691199,7.20119803861452,217.43709940221444,95.5877957183723,6.379327828750989
35.5243368130453,0.5427163672003547,6.265356179694723,3.6843307533007623,9.557347098262717,876.7919407813549,389.47202939306896,8.057946473004584
37.624139886926436,0.7674609658125935,11.317001425390613,2.593224964314186,7.105679484738452,869.5085774609563,425.38253032993265,7.623232609893987
24.77966142562231,0.10171851226731589,10.565305424450814,2.154375060452936,13.650234602324003,705.8029134753247,373.56259287448705,8.612693149095579
29.38277883569123,0.09279104086344074,1.5897883659696417,2.3397741464381143,13.24464316659186,807.8659205611477,411.6870093973005,8.64425755091098
37.28747834120535,0.2616403060199001,4.955676621948428,2.2538888275099453,14.306446210582713,1016.2468871739073,526.527563976595,8.975963550165371
29.75335220096895,0.24627926280192947,6.819105801097353,2.246567558597894,5.362864592238417,678.3950873377729,352.00629055684516,7.187654052297498
10.338866501999147,0.23523409930399986,6.236336681597865,3.0371233773314676,6.31336962328132,306.77364147402227,142.6641207342237,6.6912236138603305
25.170092605838462,0.7296909353907776,2.648811588067955,2.4916948849868006,2.505024621924159,545.434297053651,270.8850485415805,6.577422662457637
26.235026623399957,0.23715964988712956,10.362274545550594,2.716279433058289,13.110199436922251,731.7872267688113,352.22451172399644,8.550158115181695
19.84457349558351,0.25396229459647324,8.252513082763313,3.979010666768645,0.795942546713051,427.736504973636,187.3043909282444,6.144630012615998
30.7755482468653,0.6195486968134728,10.119737148280922,3.3686284978506897,11.953646710469181,817.2922026130013,370.1306722474228,8.43100602895097
37.70284551691552,0.38730488183790496,10.361665640453877,3.8979613340940027,17.393917697032677,1092.7374824251299,480.2461094493401,9.563846365064393
37.39489795173717,0.632532917716386,9.080927902522582,2.285113110066231,17.81664296579267,1093.8977471438504,563.2525279111385,9.638948837879163
20.77937799914462,0.09902461817328893,5.494842974496721,2.7642789496651385,8.980755207399234,550.2690948436281,263.31548620573335,7.648102677687935
8.963331604426434,0.4156783952550382,7.482342358178925,3.1094636065647085,9.186073764261476,299.49801526658405,138.38470582888982,7.062245135582509
39.46944196368171,0.07521020013746198,2.2602387109890203,2.153516123777476,1.5393836601603472,782.2852862814491,414.1233528911927,6.591906320533248
34.361433025607695,0.0969899025915159,8.21428684270893,2.0083748872559157,13.415300508860714,928.2341068807618,509.3699640362736,8.764898074337001
9.36319384211434,0.7298280900083083,2.4793377665756564,3.340868667593835,16.42518840745691,360.52566624993096,163.5909295715416,8.305514976754514
37.22946589160803,0.15443402833819636,8.449815249917819,3.2836390336028707,4.893101092094261,814.3237035488912,371.04401432227735,7.201709659808144
35.44637267217449,0.4493155117064128,3.0633386647460363,2.8215776199992235,8.426017632667293,852.0224067791794,405.02126811500426,7.844359419444584
23.159331999412522,0.35832170195052987,1.7635950817425519,2.9792881520640653,16.776786735305407,711.8123002485202,332.84116423297803,9.137709374025613
25.694640251072524,0.310507494694132,2.317300085658306,2.8308860011841794,17.54240935324576,787.7547067578055,374.0808950230594,9.351691555546205
18.96509463545456,0.7248750092654543,0.42310876854121515,2.048010089689778,4.863599605284518,461.76959902313365,250.7638597464717,6.849886570262348
6.916657358771097,0.06636754758161713,8.737379567100952,2.6707432124349246,11.011412690827285,266.57187148617385,129.05214036192564,7.14830045564941
16.731903457606535,0.5478422646316918,8.895852169077198,2.35416451079458,3.849863012716541,407.62628777333816,207.18111361315718,6.59272002208902
33.099870700930396,0.7725458256601628,6.37322685899381,2.1968483782027377,2.037575282791131,679.8097904905045,356.4398311757046,6.616174492978298
5.1621208051611,0.47012613759638144,2.271808492242451,3.9134408677786996,18.22241002783915,264.28900958550565,116.0697144849686,8.03180622629974
16.672471009190048,0.7526168465248189,1.369230315124001,3.1987194500843312,16.410150084642183,543.8289490281209,249.42207534376334,8.816773136757229
18.935904275683015,0.08919340946451783,0.6218960106725293,3.4573125684732053,15.200698036063478,586.0219763353708,263.8250781497379,8.702465977567572
23.8088461028273,0.36409498930562106,2.3226788527965603,2.630727486532235,0.9753263762628084,498.59430410394214,242.66389972616412,6.269882315028398
37.19494657444662,0.24511834322153836,10.733924205804502,2.7862942589880304,16.874575854205148,1068.6863802404591,510.0683743567,9.458459064489286
17.122109802808644,0.5981157237355474,3.2018273637395085,2.473847987793447,8.760881518107675,469.74985410553484,233.9544218288857,7.479465025712402
17.14336206636797,0.785972817872935,4.509547395719702,2.1939313419308495,6.847902465917192,448.83275947879645,235.48176945048752,7.140377779138136
30.81254368384119,0.24239754683318587,1.622007619983465,2.3580632748831674,10.929527220507529,799.6360098358925,406.1388836533143,8.241005962913011
20.82762793114325,0.5406309511055559,2.979391135078775,3.5950280905929715,1.8270648544711166,458.0954762151945,204.505016449545,6.356339513044731
12.861168802899368,0.19857322456980508,6.42300502105038,3.355091610367552,15.132930987047978,436.68383765773837,197.94960227787337,8.373142306332257
20.83538306464427,0.4739976909287074,7.44993112390957,3.093857751970954,11.648701537765918,586.2349412699748,271.24100841032833,8.132160962879956
9.929995713292996,0.39794936501625217,3.246086844328048,2.950179745733536,3.7318019374633504,279.15343057259264,130.90545719002748,6.227629610990548
11.173544527717816,0.7790039972236529,1.0696930470113597,3.8448685673122487,3.764643995380912,302.6726205430057,133.3536586925477,6.314380110687487
22.442872045881792,0.5063954545223499,4.935981281877824,2.145469895557337,3.6849730314534845,512.4645201410557,271.78484530711887,6.733458254118704
19.662390732659176,0.3121297790651141,3.1167591027454757,2.5612016264758317,1.1400477510386797,428.88094513071417,210.78076619665637,6.20164683921354
37.0196065373835,0.13557183866595002,2.9468255094657025,2.699875707141428,11.755968987433697,955.7475507200462,460.9686129885541,8.491833885099906
17.683786469082158,0.16343512155120093,11.53440851147608,3.5648516244255757,16.806963551770163,573.746631081259,256.5873722948514,8.935545882565696
25.32059225973152,0.21898769746342633,7.5490856367384,3.985029240323943,0.349964279747772,515.1930309768605,225.5423825820642,6.1846803557508165
27.129250077183563,0.2382249960052235,6.859789940796312,2.481341029514306,0.980092899425471,556.1377439413833,276.65028313834506,6.332474991290458
5.458305980591677,0.6879620433808534,5.222991200870535,3.7486146682741612,11.455405533738915,236.2913778962171,104.60576959283085,7.022915907454465
28.22380802058487,0.4709170912118937,5.375754267789674,3.6612455208635826,16.389913707721046,833.3483632855274,370.6403157241627,9.202217092272146
11.2312588404413,0.4425431835307748,6.674498044521738,2.4493147952835335,6.534777811372672,326.4341307745392,163.22172880371957,6.789657057458617
38.63746111143093,0.1360766539019131,8.478585761618843,2.7986651603984454,6.992287976154444,887.683687393607,423.0732704505437,7.613482091339951
10.203195471358953,0.6951047700120763,8.544894715709221,2.8193457385850382,11.926929949935518,347.1120194238171,165.04619155876964,7.627496391388332
19.511844330445832,0.5921107274063628,2.391649329383215,3.956441337053117,5.48425778248294,479.97903453249563,210.3893360074233,6.9785075659406735
7.987238382752535,0.10075127142500119,6.201307924088873,2.3617838027577966,0.5321673215536826,221.86664158614164,112.61174133778805,5.551093597891112
39.890598814608154,0.5808763229223266,5.178713902395583,3.598315942209564,14.704570362031921,1087.8202592339087,485.5373039268282,9.085877279964926
22.57682536159349,0.45765366300698457,10.498112808724857,2.6683854283462196,12.512998258829063,637.77362762575,308.85230019279413,8.34322883534974
25.838475606201534,0.1112940093100837,7.724459486133166,3.461740691552321,11.615119981113182,699.2385299657078,314.7050431461166,8.265603192096032
7.347676708594962,0.39372548114649236,6.577047170425389,2.8400220085913257,14.833682579836463,300.0217143519669,142.3269557542074,7.819338914897774
31.248616463971224,0.41352221534753525,1.7385778492754413,3.15671952623308,13.50461675124075,856.4598557635464,394.1526524121174,8.728560983032306
12.3466957583455,0.1743309051224568,7.425399516151573,3.6652235466522622,4.117639763566423,327.7159393261706,145.723234400727,6.442637039810319
36.43190013042498,0.7592736102502118,1.7595653058907077,3.6083311299677683,7.049620938867022,844.0159137683264,376.50094812707914,7.598287818354021
12.179887416870251,0.6874815286104965,4.311596276562724,3.7328463670794,2.5222028335725,310.73790364388424,137.6754429405051,6.159358518206784
11.67407022322833,0.5517667529968313,2.0569667918462495,2.119234650689318,2.5971402683576206,302.21934833876526,161.2630077523336,6.144521086072934
6.27923837468332,0.3967216707504554,8.428054305482679,3.3841011060794894,13.523914927130784,266.60866032233815,120.61161261965215,7.46842803030805
21.522343078849975,0.35882415618838137,2.79252452049937,2.2799747534435255,17.172002139649965,675.7201123889162,348.28147491910784,9.155372398243106
24.769439664191573,0.5382301003632156,4.945568728981102,2.831637136036822,19.254651677222782,789.7231835050161,374.98430092943323,9.639752056767415
7.299802379992332,0.4590739020551791,10.789827420377833,3.097176830109377,12.566942350988889,284.79418963546357,131.73122152849353,7.445695900174269
32.14346658432537,0.09670482941141421,2.7700700474280553,2.8054789694936613,3.6820264672191394,693.556914621289,330.29398457007113,6.9107824872513515
20.86510921618097,0.43437698657774876,6.2905387419218375,3.039223351606015,2.113006908978614,462.49113787434686,215.03849589897953,6.408998967030928
23.353659426465303,0.6548027129246297,5.2635512695258555,3.9930526175972383,16.257019430735156,709.29028759811,310.4071366741752,9.048899561617429
20.426696142837983,0.39442990819771856,0.6102388761304649,2.2704346274257095,11.575129527199985,576.017688643207,297.45248793226665,8.105306163598373
19.02670713063641,0.08896743316570131,9.595994117444627,3.350912090672851,12.365700420274397,553.8841903091645,251.15043473801816,8.197583044533062
24.587411595787625,0.6397086495380249,1.2009325132493567,2.7920019327712304,15.629241775094185,730.7838161564453,348.56174110027126,8.970136385436751
10.433408607574938,0.20102283660198078,5.901358243332662,2.2660195978146573,14.065544554649032,369.01805187276085,190.72650458048773,8.007592295678148
11.36748456733449,0.24396562616602907,6.90386822129182,2.317473526748619,16.689165057121933,413.01423076438516,211.34666044913263,8.530054160176931
35.162496735473106,0.1735297650742219,7.68974689672921,3.898546212491234,1.1242781091975695,698.1095346522987,306.80319409168646,6.469593628290342
38.11404117467715,0.2976612986536232,8.388126899971356,3.759202993423524,14.950412734930097,1050.1162675386436,464.63236013351803,9.10886351131854
18.065826069791353,0.6175636292664763,3.3379596488634946,3.8140839208300434,17.01705514644191,585.8541834417404,258.5051987581812,8.990379692906927
14.476063560024382,0.439539394627953,0.5157538092380127,3.9830655516547733,5.722700849166287,383.7134498335828,167.9972494514888,6.828837243832149
27.53998401336555,0.20366095561303443,8.791946483316979,2.416630780017036,12.808945479865057,757.4152955474952,380.78136806535156,8.524655444556794
19.305695988433374,0.7083725586140307,6.613616552431912,2.7108786747281233,6.283241276739442,485.73867138947566,233.95373886705838,7.115565508313479
5.88852244811207,0.709686391213647,10.098965357204087,3.338438059849733,19.15942132964908,288.32746361216397,130.85309041634326,8.304050043893838
10.465340907816662,0.7029338187845052,9.928105009648053,2.9676050797212943,0.6684714487100751,265.2645191757901,124.17830640385473,5.746214391601068
30.059028009658913,0.22909715853615448,10.182583546339444,2.836779066756667,11.5958568766591,794.5956063474622,377.0825166541464,8.351191797602436
28.062337966855296,0.38842950813574106,6.027098055762666,2.715622498671186,3.3300709409903018,611.4825183448587,294.34339849530903,6.7825055481080465
5.948359737621923,0.7887422421056564,4.270089391707642,3.1875612638869044,14.244404103543173,262.7668295459236,120.62362285383689,7.535418772923708
12.769025667653231,0.6290093572324928,9.582075150059891,3.1511868572801642,3.5178056683732417,330.31799005570474,152.08602995611423,6.361742632350043
13.0876178805825,0.07037556591916987,5.635011711139358,2.32291566812848,4.707665237967151,347.0970958769248,177.43422035010468,6.583903366278885
28.516246025955496,0.09890344344536904,2.52792947827984,2.943479675036878,9.887416220915162,730.7441729651821,342.9027973001828,8.004592503246627
5.6898688214027455,0.39794853260924956,10.317698626913103,3.1069435524196996,18.29669899993756,278.41489742557275,128.6711737663543,8.134917903385569
8.643800369460084,0.7319151543961702,10.637694570559228,3.140573877462781,4.234287442959417,258.5632181891674,119.15424578778054,6.214042765463788
32.99706298806163,0.45402634846453566,5.8091931712259735,2.4202143858247034,2.8848004223620705,694.2146813415649,348.7969678709984,6.7733113617794585
11.249063171901676,0.42335938102571763,1.2781168367935347,3.4845427845045736,15.179536637080613,397.6518358155732,178.71073816367812,8.263297434568871
27.846113774815613,0.12910527496747293,4.8987826430364025,2.0503981896421393,10.01239064667862,718.2042171844756,389.78143114011635,8.014304944700186
13.336397336635429,0.5425850785432206,9.721036849766199,2.7096637110863253,18.235702247635427,477.00256857203067,229.78096845961792,8.942513790798198
8.48044874657708,0.6665773704501692,10.860578731136252,3.560425297071267,2.9322911431968457,246.61370429533457,110.31800371072067,5.985606535053972
13.511026684980893,0.33531500563067174,2.7602838129721117,3.1277858421108045,12.918557860460787,431.89452541158875,199.24616164156467,8.031128067227765
30.27934261494807,0.6317088881939956,1.1768938994931497,2.5223248650217203,4.657582923036301,676.1109175579442,334.20713427684757,7.065021198080064
34.94937638372,0.7733574904256088,10.577265256340928,3.3899062386860956,3.135208573032786,734.9302116030007,332.3447510985124,6.844618231817463
34.05769525984471,0.2028248443457668,4.917097292154954,3.1347818883121468,13.66858830314541,926.0617011002664,426.96737696122995,8.80753636526003
18.90142353664592,0.44249722339605596,6.684427185503734,3.5924872189127743,11.873692398174665,545.0638749874088,243.36564193997268,8.104610140722206
28.382979779972615,0.26535346856343167,11.629563419788804,3.4700503723796468,15.096549167246625,815.5605529581371,366.8625559545223,8.966396462194894
12.174450339553733,0.6446408142753796,1.1721508438049852,3.2202158440724693,6.189251528923647,342.4095619711342,156.77577233511295,6.788974295865916
15.260170559135464,0.4831950244108681,7.920488886444309,2.976355350621628,8.959433127643798,432.24192454759896,202.1725566885392,7.433168616690738
36.37175364823919,0.5259368131627279,1.259622901868458,2.266364251335047,8.10943352660837,864.9089069197508,446.9963182060507,7.796932379787276
5.455067322875761,0.6484356197119205,4.755439570211404,2.5226660357707678,19.681789279330285,279.6045927223356,138.2036959796656,8.312246561470955
7.992798579906383,0.34697785449684115,9.724248724243983,2.8381989458341703,5.844979134787758,256.78291721501836,121.83949976098447,6.422463609030746
12.276018930110956,0.7363175513052824,5.42827789996536,3.1985985740127774,5.8963447669353375,341.8819029879493,156.80246145978697,6.7445567922653025
5.92862713558369,0.44977165043460493,11.967315305274225,3.02741571043061,7.090964176572148,222.8567471948143,103.73194722027381,6.399963040879414
11.350240228142905,0.168466117126511,6.8850877053805855,2.576369051919059,11.29188162580643,368.06299520156705,180.49553961161254,7.608442910517624
25.406454633939227,0.5719243386266019,4.12548097057706,2.012928715579421,5.046454885274905,588.6891826305028,322.6483765903388,7.048807652068833
19.749859270737428,0.6449460128286908,2.953291380495136,2.9924784438016276,18.30579880758548,644.7173616732443,301.08443882895614,9.293270360518285
36.24350988769412,0.287571257800645,4.466038197719477,2.5712519771244864,5.31371129732527,804.0621204819312,394.5960629411846,7.269424351937077
33.61052466084543,0.6928844427490648,4.721385975610789,3.46921660142107,17.916314631203893,998.1924634508114,449.039544318706,9.59557680742332
16.963607309425658,0.7296074410743248,1.1970786615979474,2.0478925305409668,2.069501272931693,392.24679467048696,213.0159613199715,6.285097979768077
14.079820170095237,0.2576783655333567,4.687060713350569,3.1696556226115815,13.131254047993046,447.2126285684943,205.5930380654224,8.101744038190965
18.28923428585434,0.7876411045364166,5.785166828975009,3.882948475012131,18.139710368764874,604.7178056643795,265.95183885885666,9.200995344162836
25.660322988018272,0.15553364603656883,8.783757925970134,2.348818534222999,3.3749887679645907,567.752370623636,288.8472962459775,6.746844001773045
14.382227428800668,0.2015117513018675,8.018062022770652,2.943298981501191,19.3665392019851,515.2653599849584,241.79342306246534,9.208473314357141
26.84521177471969,0.18816862942851958,8.621681600658189,2.1828439836342763,9.057667208310233,680.9818005866373,358.1441487547569,7.81722097129789
19.329407826693416,0.7204922825059028,0.4970187097715424,3.2513638245227052,18.91430216882049,641.2330173652874,292.88772627657926,9.385245687452866
24.321651329819307,0.5407194142437214,2.924941835134218,3.101063361192451,13.53640087260094,693.2639426843702,320.55980688761116,8.579560934063773
20.264428519736086,0.16407821241670467,8.075537745438336,2.8147310484256645,6.031737397471031,501.69319695720253,238.6713344697114,7.09999420801149
15.306301583967118,0.3802425637762617,6.014276670885067,3.0427540429474824,3.7660504983421283,380.0276756935389,176.63927639130742,6.522316281275065
38.19586574367548,0.5114735188023516,0.461636317752813,3.7931493169380204,6.074700924501988,858.7063048111996,379.29183779491314,7.4353519821523175
31.72620279559163,0.11259806374203747,9.732137852209139,2.392588604622134,1.8603481852534998,652.0162572562701,329.1462889738158,6.565100224767757
9.90396115182584,0.7118122763055041,9.364591050167913,2.0451290234106945,2.8773593268665953,272.24269738279116,147.95112782499075,6.082289725143376
35.396379156426946,0.6527026515811514,6.761662290725327,3.7233297693982017,2.093208806929623,721.9197132492512,320.0126419217964,6.654193066633633
22.060091938732977,0.4289050801824787,1.1709745790047565,3.154234164775813,8.458870874831154,570.4823888836421,262.5966933853537,7.591226135254298
36.309327941293205,0.7753449614443779,9.291574574577982,3.781316910923685,15.911567525151728,1026.1883829001542,453.5371542277079,9.26385870045046
32.99493395815603,0.3633207344563248,7.171077617683822,3.1938904468263454,2.827671084326804,693.080812584699,317.9980429988782,6.762599625525769
19.882472656423168,0.7880827392773734,9.470735735032326,3.620322179919405,2.6064086634467176,451.11387756883835,201.0966418079111,6.47164809416452
5.786425791204109,0.5509399991027204,9.120265111791749,2.859346726710296,12.868578990346615,251.39417380379192,119.0066688873944,7.293962267266811
14.403707578473114,0.5260034549404561,9.714824034710912,3.4997198625765376,3.9436596393613255,364.8743125149382,163.82398107475368,6.514534457957883
23.957197513130343,0.17446617147183874,6.408893570293648,3.8260829337797118,1.952200762179832,515.4314576567527,227.2983951332148,6.451522633609859
27.171737693915155,0.711445818728483,2.0277644110447737,3.1442459274444126,3.3369715641115527,595.1230026888974,274.1673074859261,6.768195621928068
14.02606899016208,0.37061726594046135,8.185426691204388,2.3615703011247593,18.47462791753552,497.2368039778033,252.38966835391736,9.029969064382637
9.877462592548845,0.17167505433685953,7.597495906602859,2.537595230060396,16.429425055523815,373.46594780003954,184.18464173226405,8.356128748510352
34.222558287975474,0.05945563998181928,9.01013697150941,2.3972891537948113,7.081291247101882,799.6356774725638,403.33814082566687,7.575435595528956
39.454076324624324,0.4698167627287869,2.3706196701885296,2.493714055191466,13.116415346547857,1041.6280254367962,517.152260483682,8.780093143621354
23.399156380594004,0.4455497165920072,2.661712318843355,2.6128308987020725,10.745513473360761,631.4709264727642,308.08696752530795,8.044431752479055
11.008775004690623,0.5895152167768689,10.72875039974421,3.110267573506377,13.542485269651278,378.5512309553675,174.89953628679834,7.965820645716641
14.530756428177913,0.7176935397633517,9.099742462044022,3.1759832589276655,13.653423049255187,462.92669600715993,212.707072441792,8.218573530504361
5.643673679161336,0.10955493848227214,10.935450468923746,2.852999494483722,12.574680301199859,246.48911755996275,116.76525725290095,7.226473554155371
37.000458229617465,0.5986223677552718,9.20109772550148,3.2308415596416706,5.322027370746172,818.9953871117287,374.67435324949355,7.279884866351867
9.12128790115494,0.19055895807318668,7.327001549487502,2.163149851222732,0.7801284152563626,243.00644777759274,128.36246333478223,5.677293651751523
25.178076642998874,0.693632789867873,7.987939749523335,2.17557647411632,9.111335639802176,646.1485958905105,340.36906522832066,7.790066951055267
14.59193272405221,0.6642976353962421,10.713883917704115,2.343658920715317,17.819477693814076,505.5504280153446,257.4440512613721,8.950990323676324
24.396230088052768,0.4555953162391583,7.11415835233851,3.0361549960806897,11.389945170371519,663.1976329823524,308.44550387901415,8.188577883041145
27.799713592315246,0.5826820989674837,7.735739362209294,2.427989357396627,16.647820834038157,826.9781385896795,414.9601690837408,9.24005312452777
34.04096312975206,0.2857625848878113,2.2151299056417666,2.5665688069851544,19.832486859224563,1047.0579969598273,514.1941611497548,9.962264601105987
12.224744511621111,0.40337592419961094,5.897486153346792,2.800625672345988,3.2723240827655253,318.067061570641,151.5578166354088,6.290651758550128
5.384854003046817,0.6662276732828538,8.710206498713948,3.62373224802076,13.835552782839645,247.10055041787967,110.13070941483713,7.384482501240036
9.790997052408255,0.3944488978799104,3.5429353004698387,2.0277242718257202,13.485871474000493,349.33265179092,190.7098679808707,7.854144447595939
36.50065246468368,0.3183486989940813,2.746148494084605,3.298757640473245,19.59910894716557,1108.1398021894267,504.3564521215328,9.960661166205249
35.58615271468803,0.4206593354377249,4.040390975403221,3.3377530620813705,19.712014679056008,1086.0326579571633,492.9036164547678,9.966767794957804
25.90945857596079,0.6711869393279138,3.201407284716868,3.597311560713273,13.73357223448259,733.8794741463753,327.5784937785755,8.656929422832361
26.01809011517787,0.30140603552815454,2.8929865896221916,3.8655058781206266,4.872295839643885,597.8057752461569,263.12714264036515,7.029269112076737
28.27628360911894,0.18032119485180786,5.328269777269809,2.0402756978985797,15.971116762611981,827.6345902679116,450.34606975082187,9.125902743354505
11.137994751820735,0.5840105152480857,10.930926761048996,2.307567411026432,2.140582684220762,288.78617619375666,148.0545684964667,6.03587115450081
37.004418107373596,0.6694836595310614,6.281891902169132,3.772342588111986,15.613986083432573,1037.1500256725828,458.5891143409845,9.218206294307398
19.65696837122256,0.12547810889265,2.579876417457747,2.9170371243740307,18.20392248289393,641.0304579320735,301.61297083708484,9.27116015505263
18.40984848873241,0.22990558456695853,1.2928713648181391,3.129181277866927,7.656667895368705,484.0544657095605,223.28266651161252,7.331423592468986
23.162119684899313,0.1564789923207454,8.475411283599932,3.3260544074462945,12.61270589966161,652.726305922396,296.4921857280776,8.378458365766399
6.643808837126927,0.31095605868662496,4.840465667462099,3.3581332089912745,8.602854641936526,246.3211559316865,111.63406891022615,6.728335740280368
10.819917906462779,0.3877632341790595,9.933238980390168,3.8634808066330164,8.755301099762569,335.8820209997517,147.85426080935227,7.138862617129897
30.831176574922967,0.6116197527224799,8.050324916232935,3.993898834823339,6.207417782162401,714.6998335512853,312.76312402776585,7.36212390754944
7.897953377379427,0.5383606886612556,9.636400826279875,3.4403149218618805,15.242592409006493,316.05275880362836,142.44301905105192,7.952036373520316
26.110323831323587,0.5156964256088234,3.554574057254005,2.5744424184103014,18.723531283330104,816.9589513452904,400.7415741713699,9.580195783366621
13.587218838846233,0.3142812099572408,8.431363500548274,3.759504804588687,18.81501718468922,488.95927100986205,216.3406157665833,9.060162398131233
18.62534649146918,0.68108566481357,3.4631190224471378,2.098441829081523,3.4956256974986766,438.9199562363994,235.37370044642344,6.594016815924335
15.104280786974495,0.40346537554862344,11.293194361623382,2.4621617057489926,17.49487299313132,515.4790533375867,257.2102907492287,8.924390386186762
17.44854507627322,0.784328703511366,7.781941665787143,3.79477143492743,14.748628828542444,544.4877059362237,240.4816128569428,8.558252808627133
30.16660668144859,0.5256066037218027,4.164336882033968,2.51238302887871,5.056748013805786,681.0314896760555,337.1487271171765,7.137459144431409
15.399260046811126,0.14469855617337707,3.5263376025903623,2.441302119243497,1.345692258430291,356.86092545058114,178.67023170100592,6.10037966562476
24.824162410391402,0.5571331715565755,2.6147483868310646,2.2762505862804945,5.359945337687559,582.1320140418111,300.264088601758,7.093945085496177
21.66176407696849,0.29382801157377425,8.457835123167243,3.718223515293833,18.244164735630513,693.6922611143932,307.5824924187895,9.354700001177953
28.228490787692685,0.5647453975145731,2.9371011107759566,3.0001165183821734,12.663573497915445,771.0045496710028,359.79813069227856,8.512687477811507
37.78904087636653,0.10223086112180431,7.305517884758873,3.3497864061083096,14.421093217957438,1030.7750146905516,467.4264132932042,9.004556504895685
30.64002340235876,0.18116107788196956,3.469766312334145,2.4781327681500596,5.143047022181917,691.7511450402786,344.2857191782318,7.160980601249336
12.522913250676487,0.6918029441793399,8.078839759608876,3.5160808420224328,14.387763111496405,421.82704567593294,189.2031810106722,8.221582199827862
6.091409727144963,0.22038466776763616,9.853300851070255,3.520011089924197,0.5624301255584752,189.6486982318154,85.04308127054715,5.38338468340711
14.179241550493877,0.6777808439322051,9.425092820477976,2.6251960498166005,7.506426915460276,395.1229991281437,192.44932901900972,7.125996589713777
25.82772757450892,0.25945706634080784,9.225875438797068,2.8213652660205657,12.535066970846625,713.3009515664705,339.0860952944312,8.434512191164536
6.799903471948762,0.5321614325440308,2.577579906030124,2.4193805548604015,2.9219313108264044,215.80784652995598,108.44441132862083,5.832682542531197
22.37281865204327,0.5706129301323732,1.4252653850204169,3.9531220466458086,16.460071488938695,687.5575271776908,301.421547070431,9.05490577024779
25.889499712091123,0.4344910648587897,8.507806410453673,3.291205154116823,4.700625976238372,592.6524838696469,269.88876871679025,6.995116350545592
16.698536178593628,0.27898300752254845,4.672827680014476,3.869087761431031,13.045622256368926,507.655502592901,223.40933229614222,8.221628989217411
31.981927131103767,0.20948328227832208,5.415216226278829,2.6067710872582666,8.103942851506593,773.033714675597,377.4699669859443,7.733831459806937
8.730938859682013,0.07489201592181967,0.7613294764033364,3.5637818259937797,11.920871909552943,313.4562058086625,140.19080623009276,7.494049400037555
7.629822360753307,0.27795980093054284,3.4110868115905704,3.5317172877694842,2.1490110525781625,226.0618336036078,101.29916674093235,5.785397386761146
30.486606467126116,0.5398720928984623,0.7906462849437828,3.383311303733083,0.3382559984321465,602.7618862377933,272.69937288401303,6.264640523738054
22.342196067216946,0.753728613836362,10.598554962174473,3.931277950533601,18.191288547606025,710.6665976765124,311.8565089839057,9.368690336087415
29.09408387497076,0.703403361697289,3.2234015253349533,2.787110672212631,5.392600175343656,666.0374011792001,317.8597552865952,7.182141534204153
20.218956851131118,0.6245485824014769,6.865111167046893,2.261434647179515,16.393540055609183,632.6098780033973,327.26364120265157,8.967161774841298
13.624071163368738,0.641335507439974,0.8521601196691129,3.3434177184881215,19.987006009444002,500.93943777897647,227.2635705292167,9.266329804307523
33.66858111859699,0.5487386776069965,8.135429739145634,3.458619600954412,4.228625159978224,732.6965758947016,329.8296857615451,7.0335639585067975
32.97955576391428,0.24521514317450227,4.1471172107474885,3.1501211469176296,5.3034148236671115,740.2324926090358,340.85040041104634,7.225383280126905
29.314376479904936,0.7303962730293725,10.815862568708923,2.4136357862667923,13.257195752693313,806.4760062323983,405.6517990183288,8.645204152525107
14.525079803048694,0.5530492339293755,10.702170991634816,3.008911883338711,19.308972692012425,518.4960115814918,241.76034907980093,9.207443722553473
25.65807334041805,0.47033047323532995,4.173371172996275,2.6243794731382586,18.31628696381488,798.7846100157623,389.1007736607141,9.492933263729599
17.63408639290094,0.13324210191011082,10.851146390009427,2.854933056333378,10.057510401311697,495.42596180501704,234.6405854137129,7.730737178793615
8.205372566432196,0.38529165785481906,11.955429012585835,3.2904371516893276,15.902205650534494,327.9797662261809,149.3676046665586,8.095581015040853
37.1059751411785,0.3952687034014447,9.974821703837797,3.490429485381669,2.714917061998021,765.6770282852408,343.97930034183867,6.790027493153411
9.78865208216365,0.6984227071420025,10.200507633960656,2.4644493818026865,19.548763684080246,394.50722140037533,196.77611876759374,8.870986279976556
38.25830738372809,0.45998616514084134,3.288501338865443,2.8106507212939067,19.28706468071973,1148.2629390389216,546.5176964327775,9.929139252880114
20.61020205352845,0.3353004117278072,7.089747826749973,2.538323141983258,3.2745791575834193,472.9395854802168,233.21743521032369,6.612180991876496
11.479652509351688,0.7826002463829945,1.180168602021467,2.3972632277237382,5.988462496062132,326.888084801365,164.88386695600607,6.7124007400939885
23.966533158242534,0.13304044499473677,1.5010480671313688,3.5667744399916765,2.0030999501353386,516.3413767254489,230.88867697417038,6.461024399104234
35.553104255674285,0.3669113212339585,11.987154299586171,3.8185053888739846,5.434351977963594,793.0702752296932,349.86254577604547,7.283708371959444
30.62787102433464,0.08151850637855397,4.189015293340567,2.7404643713691534,16.31911578830413,892.3767433643873,428.24440047724175,9.240755130431197
33.22964017515074,0.6049280905751978,9.078933379766617,3.502557848747534,7.56631214330519,788.7465102653404,354.074681768846,7.652227930339502
28.057417834875107,0.738557414149363,9.75731461511107,3.793990578728822,1.7679393429351675,585.3417304327813,258.5354794887662,6.493440357968538
29.229679758124835,0.26002799716286706,10.35306994368386,3.692248421060463,6.844510495578091,693.7566502798664,308.0361596340741,7.453801964315464
34.72184780478618,0.6937562575993407,11.972488249865016,2.365626777078452,19.627666684825602,1061.2148457706899,538.2649382979173,9.936038821352673
13.738380310071507,0.26916367284642334,3.201359228979667,3.9125837630267224,12.593671905184058,434.12807573269697,190.66661712986962,7.9882322333198506
22.129873727509917,0.7330776212329364,0.8680695915725166,2.753352880858925,8.323218928123154,570.097047265354,273.15956686163946,7.568528861703527
12.742330463686077,0.615471427697588,5.169821608737197,2.6784813223476727,3.3307702699454,328.14775118551194,158.70284944555297,6.328078742357429
39.568380279882646,0.653680082631079,1.9089357700157845,2.1248626545555607,19.723535945673895,1192.8509149316938,635.6573099581304,10.030620407196563
38.04207688903146,0.06350491670034088,0.6601403142798394,2.9723473082097662,16.416980185262574,1080.2063794610108,505.44247710330364,9.384514795581229
6.379938397897707,0.7721077678055195,4.580951194841239,2.2180272312818574,5.629546049018388,223.67047088771093,116.74704445621482,6.221736552652012
29.695131038049098,0.5950032440527425,9.491363712472742,2.497079641854852,1.4013739144237891,607.9248157971717,301.6672954269806,6.450963814754094
37.3836911095483,0.2785633215396,6.967696018210822,2.6338852435345625,1.1325111475511607,736.8946386105334,358.4906480941105,6.494796880507568
11.320137079456673,0.6720459986441353,4.028224674840107,3.617652646983368,2.4075629901106765,294.24354134139446,131.18718385565973,6.091955561832261
24.878083069342033,0.26114089881119745,7.990367263715549,3.750977300791793,11.615371672288433,677.4661671248562,299.876629682927,8.242161389957383
37.04209041558146,0.704565379674596,3.0914108915822043,2.6049326349229394,18.575268424109847,1100.8834157926688,537.6952142032611,9.776485999076444
6.18810925050296,0.13443529280895278,0.5668247744361863,3.717396242489148,9.934868560119689,244.1986411291879,108.2821639885663,6.884599965158324
29.409709353639396,0.5777644830955968,9.266499282662558,3.714461874739582,16.858909649123945,871.2349820205762,386.38138775335284,9.31560278947549
15.407215258039276,0.45552385748368274,7.635419784422505,3.529301900769747,8.917732397196156,434.9497748278355,194.93129508597022,7.432747040311867
37.35386683817856,0.12240085264658061,9.242710444211136,2.293390228030363,14.171670915356504,1014.9628000993781,521.7682964881551,8.951499581905459
38.987038580787875,0.23142037119412923,0.8516809935769212,3.380645693801458,14.637454745730016,1064.4353137732112,481.65603148137825,9.061522887364424
38.04932711897019,0.059303027207986095,10.110587682835565,3.8900481291611375,3.479274118066773,799.4303725713261,351.46942532109756,6.944122075929295
21.597497583011233,0.40157597409837936,7.586503920421118,3.365080957534314,7.224321179516235,544.1658787223281,246.49946374186902,7.354214689213127
35.17149278462597,0.27594894557000027,6.9353860682666255,2.663233698215668,12.746043130760478,933.7750402959134,452.5005331968326,8.651774400800383
34.559228948727466,0.4987681132233191,7.645522958128566,3.0011586348616626,1.4139321636873237,693.4036887311443,323.55270200778193,6.517070030253706
16.168516563513947,0.2729283557814629,10.427425663673024,3.291450086702107,7.2308037552591315,433.1620131607937,197.25462953167573,7.169029377909237
34.01204159527371,0.27493933363023854,7.208463476083322,3.021140817457007,10.695989325623849,866.4796748678824,403.55156994323767,8.249822117336569
6.295267215042242,0.6073948990487026,7.13902440670288,2.2399058834619394,19.924489860892773,303.45732001945936,157.6731251468157,8.491126901080811
25.869445746871857,0.08610712698376509,11.891878221962884,2.6241280893040413,9.490671252448815,666.8586757602701,324.84866970814124,7.875637301467922
13.050309305069607,0.7271712463939904,9.178069937995389,3.604792061107265,16.321135142286472,452.12724944915954,201.72710209477313,8.591365435951527
9.219841002204758,0.6891979057933861,5.530608143233169,3.722836092191035,8.641345701332355,301.09241925266997,133.47173373537788,6.994081285979802
7.693362057022321,0.550853512419805,8.605805200381962,2.2746000654311405,15.927814452394177,315.42701880914916,162.75049975103417,8.039756367387312
29.370107155734893,0.49491617758053824,4.915073471624747,3.9047735047974492,11.908296032402168,784.3986193247702,344.62658656292126,8.396000750609511
16.895623731882317,0.7192268736047392,3.0549553648085883,2.6576452356972187,17.731908830047967,564.0276750206644,273.5245427868539,9.062278271796796
30.36683700350665,0.18899763464653585,7.32348177189801,3.3246274774614397,8.218851047002198,741.3235164712711,336.7708034611419,7.728794702607521
7.287471927962983,0.10922687164312146,11.166912338121836,3.5036502919133623,12.086088396429577,281.52815625232023,126.37167912429496,7.36624492470504
16.03516182407136,0.22963262743215357,11.178018432179368,3.623892469275767,12.600373612376547,487.41068954337015,217.23301839663685,8.111627341825931
23.8821952331368,0.6459337090251427,4.366101226023687,3.89149940445186,8.347658836009465,607.2757576828267,266.9707260719899,7.61899553330197
32.67531076936372,0.0760027000448625,6.5210586081716615,2.6258390960576454,2.8862408737496303,688.3635738785293,335.24626927496064,6.769350358812734
16.156337602622447,0.4871051263126172,2.8549764234103896,3.7170129091031088,1.871188138246711,375.7133535412089,166.60156855677675,6.221362852627476
26.90619817529532,0.7965781371434825,11.949320870187048,2.263373806872414,0.333431011992662,541.8687858171373,280.2122993655323,6.209427713621841
36.00922118826655,0.6917720703781546,11.780967731268055,3.4100818127071855,17.47068528490429,1050.9868569365437,474.6221622948798,9.55242404713811
26.55521158638066,0.4410842667826921,7.934303584606389,3.483955459027972,4.729498244773891,605.8845619682078,272.303764253829,7.013524549877237
13.153581616377181,0.09773068196498176,9.73120309225869,3.355446482402641,4.230134985635361,343.9899099010374,155.92739296973005,6.504617821025998
5.854027354478831,0.6735301357892824,8.69516187089092,2.504629472270306,14.72070800852131,263.11070987364326,130.40962400712596,7.59665628315893
35.45346058653254,0.4992338811329079,7.280635340857831,3.7460862940304067,6.400322261747835,810.8339026543242,359.0014658065598,7.463929378325505
5.74442937976355,0.13619974779467514,1.0188367650712133,2.3377169267407902,10.120893848236731,235.52286908161108,120.06747864956563,6.85435131787662
35.614558543946984,0.12039296361751715,5.675266373610869,2.1072695830416617,3.250221305949126,749.5236404972334,401.0830889782021,6.87406834341333
23.51279969095242,0.7322201145774443,8.227521105141962,3.4349299812238243,19.194914429239386,755.5278430815024,340.63189682993146,9.590107518100597
37.86736944795137,0.5519001972035589,8.25936672105074,2.9509514304654676,17.031628000344746,1089.1132349568916,510.68656182645213,9.497935007524491
32.95741325207829,0.6719650994875667,4.72822237369965,3.6981960399173524,17.275792459300064,969.0432048880674,430.12957517203955,9.463910222297992
39.927693868666815,0.7092341752117005,11.323627045233154,2.7667942821165177,8.135474971440104,939.8388186385409,449.5987799087486,7.843805889880043
17.274913540809855,0.47882926403624165,2.3413415739466594,2.3365571770154254,15.247224274143456,545.8787887562983,278.3436955119842,8.63906082804044
31.85159011258944,0.438084763816281,6.204169576100504,3.6728843849397395,2.877523107795603,673.1513568928265,299.2003817324318,6.756582158865199
19.067581976323474,0.37282055774074263,8.414254127989544,3.0978192632801433,0.17238005183560556,406.7888361920937,188.14915130306466,6.011454389208753
21.79564671063681,0.28770994084333945,8.486775348344986,2.3783915847807098,0.3994586515605625,455.96785667140813,230.75075813640524,6.121268131543944
26.96269121264295,0.3759469706440338,7.92421189851826,3.4407679971728915,11.732034748091209,726.6143300929721,327.4708739123758,8.313025169300689
35.57869899652186,0.6304097417976173,3.5933432760415775,3.022227276979001,9.107898104958815,868.7679529407847,404.5762518912777,7.974244049921027
39.44292142197533,0.5014425732613487,2.2119961967648147,3.20862596448064,10.360306978170396,979.5768777227245,448.91963973763006,8.258992898097455
31.889569485258136,0.7193924674661346,7.7769077911898465,2.9217966764131638,0.1492628083443881,623.0751178589946,293.02173427114275,6.2480004261691775
19.621837375856682,0.3825350107843908,7.351904547217478,3.657417967636013,8.453732393148513,519.0151458952843,230.88601106951276,7.516011897875235
19.747495079697458,0.5053171840390656,2.480529719355195,3.6591254313660997,14.361363224017216,595.4139883626224,264.8474300900708,8.583318770252244
30.815380555611203,0.5234806648189916,8.579614088618534,3.4187776436487725,8.853874039348717,762.1984210011129,344.0064615688103,7.854602068467196
13.357200101890582,0.4937728717297441,5.679995104110414,2.2108027547929243,14.644384126244445,444.28711824168516,232.25482771046492,8.321074225499363
8.866593959598813,0.5769753298141373,8.146022862596574,3.6777077238081377,4.660379287936696,265.7658832123105,118.09587144573827,6.302775387820671
17.41177551742718,0.2280751012811047,10.113458125333748,3.3420259610658194,16.26284008963451,560.7149435908267,254.40727958865838,8.82606480143496
15.053364707892861,0.434272833159343,2.3688497714923087,3.394048332008599,11.768624809069046,456.24734140846715,206.2627181564864,7.916368776350642
15.370784215959652,0.12816860210626074,0.6220804687633055,2.725965680807743,4.215261988598124,385.8505646604806,185.49535981003726,6.603981468400834
13.176271286746848,0.33838349573360943,9.437590002191127,3.758559112314013,4.734409517076658,349.0435522972641,154.44219556812445,6.593106927482795
6.473261637272666,0.4157503014659483,7.472490131770345,3.4507432004697147,12.56060929139074,265.61950476123366,119.63180200510384,7.340971549279251
5.625587715669483,0.5391681946591044,8.515819007616612,2.2251809330583887,16.598791864248867,267.63980726536545,139.48774126252158,7.856976531223782
39.570283640761104,0.7628982894396527,10.122597709868254,2.8155560688123256,8.312555640583103,936.3435684664363,445.40672387538706,7.873348626949286
19.97205968075518,0.500488299911267,9.712606843964206,3.7727607239202836,5.166008582551845,484.9817173790417,214.43632075110756,6.935230696832952
18.451432650588856,0.6076954371324199,11.546673704374365,2.0943934033947578,17.34023213821201,599.4714973757723,321.7866002456231,9.065240515241838
28.787654894257443,0.4296995446214021,6.616846914684571,3.922833239284099,13.385365835016698,796.2812478555004,349.55938504645167,8.658135454889242
12.638886075277245,0.5255780235322485,6.0665493388549026,3.3583251366391256,8.96170974566153,376.33821767454435,170.55621000488503,7.2937699506050295
38.248641438257884,0.10319916210033007,5.061891518732469,3.2627519552867534,9.758003905586037,940.1131729459462,429.0315297962356,8.130947363727437
32.52207550454432,0.24079368563138526,2.182816096992773,2.5411185129759826,4.085129358727928,708.2563725843094,349.11255054763006,6.9913138827736745
8.129385080929083,0.321389819903854,7.04224390143146,2.497583577478354,12.536052601296879,303.79806914566575,150.74030336865783,7.534027307832529
19.615327152472492,0.40437001625488517,3.6133452821813536,3.884116438977191,7.174850210857773,502.9977914641514,221.20385362265364,7.2857770423931605
35.76914076467577,0.0842365591267878,11.087167141670516,2.5965449084682453,19.912903533486986,1095.060654870109,535.4778309954908,10.007604771203425
38.06562078019936,0.15501807316498828,7.165013329614332,3.551010593437999,9.603670305237756,932.7819694002595,417.49689177854265,8.099593176881292
21.359052893745442,0.25761073084347935,7.276946093894078,2.7862435964141583,9.717712123792264,572.4416183540169,273.2196184982798,7.7991837192536675
26.46939862237477,0.778649518175788,4.517126066173317,2.278508141569408,11.317035748213438,708.8122158384097,365.44325112691917,8.225408555614377
10.846188113222633,0.2985102553272881,1.003076482941407,2.0214305953907177,18.335120062374934,413.0170363119307,225.85272870408394,8.766059933831494
39.69090191479418,0.4115307935840619,0.7682276783266679,3.0885146740305016,16.016361997195006,1112.5544931849292,515.0016790163505,9.33137725239626
13.10850954842052,0.1970732845537947,5.3106876721770915,3.9515576370978653,9.022601395956828,386.91420428395315,169.63288508545824,7.331909501169014
37.995612094729395,0.5080850533068262,1.380958385927959,2.7382723876184087,14.373985319455919,1034.7295240462915,496.6907534962124,8.998506395916497
27.737632714732896,0.26051241163698075,7.439424684265614,2.7143846679860895,11.724709975615234,744.1102673178793,358.24035854672707,8.328590461014153
26.27078782076007,0.20524443382882007,10.619286865420026,2.688183235698884,9.847340974024979,681.1549854814069,329.018094135095,7.950269355276234
22.9440978855778,0.4374294713344843,10.641811871617177,3.0410876746097166,3.8463154556870105,524.0986895253724,243.64163075554163,6.774780657213995
13.073443410121554,0.05412934937031562,8.044926757533895,2.8813297668485873,9.27872526909782,388.5000831733464,183.47740388579123,7.374211714954002
11.178481120192789,0.055748024486919,2.8502892450859996,3.759829253454029,4.916371740451493,312.16451547079834,138.11527720198598,6.510724462786037
12.717017317456136,0.21430160682639332,10.410763243762917,3.0110415834469806,18.296842997033092,461.43646838667195,215.11181865597314,8.90932244378376
11.52533917504891,0.07754102187561586,10.678683849633215,3.0155156763771376,6.708136269926939,333.79366298735164,155.5419702108638,6.8381636804322605
32.28545657483637,0.13101931559801855,2.6811815854543206,2.276743189441113,19.045280290667446,985.1699619315824,508.10197461711095,9.781891984780952
17.254384070835552,0.3041454870040637,8.954142594939857,3.9654790818207717,10.661105801894223,493.89094202267603,216.40115304908602,7.822656702097671
7.024493679718873,0.6519392596848597,3.723626767554626,2.4999457817376594,12.630887573523207,278.80746552598214,138.28966388249935,7.422745058020457
38.918592054928396,0.4790364825269756,9.710627623293984,2.146728134919205,10.858808889786555,979.0641771057337,519.095767327002,8.346918645465973
35.9325059737199,0.4345007944673123,11.96795963888179,3.3262924979504174,2.587612339334018,741.7094159050962,336.9058134535224,6.753171934683455
37.471329911832456,0.2701166174060912,0.7483016618209566,3.190732740313745,7.516424380158819,875.1914015702959,401.65562207219256,7.698841474549046
39.82177379262524,0.7488152895746123,10.80944404317481,2.8302913079854912,1.9829222455524786,798.5118903317816,379.21428240790976,6.679065429855911
11.086333722682056,0.34776128092789377,7.622514189744433,2.844384467761356,12.459080883667635,371.59367370523717,176.19516930087795,7.787638613143142
18.868470661593058,0.11531957509682862,11.691238382311926,3.5701278420928624,8.93748390400878,508.95915914794506,227.54255118307555,7.577046949314806
31.538346649643195,0.512799887088351,5.7941104033065605,2.3914252801992983,15.559699431418736,901.1841928290701,455.0214240233465,9.117065018571815
29.36072163188273,0.13537879510745104,10.229699994627936,3.6405066378897795,4.409409619987397,654.2043572447523,291.2987403670275,7.004194016279067
10.386356721894927,0.30891735710126905,1.1237711957400158,3.297494227790036,3.2913211685866983,284.2673823666301,129.39288006395248,6.184311262233208
33.55415937467163,0.43055895403835664,4.28923698090823,2.8379395475590488,8.126644619275357,806.3396243747412,382.60658840159647,7.761818662766421
12.855420014283123,0.7056668935138819,1.1773918379140356,2.916057233167737,18.531707664367623,467.1566043566489,219.8252566093662,8.959907861586297
12.833616518791807,0.420159935255089,11.713980348357218,2.513294414372192,14.208436300248234,427.6933166895959,211.7026641922843,8.211600060965294
23.794104801269476,0.5766940745237482,9.876897324353306,3.5042286653939496,8.378472495858373,605.8711458673779,271.9522026615621,7.622433777008707
25.75289771945961,0.7946126292493028,10.289550086453257,3.0257494846105355,10.34544339508621,677.6012643626374,315.4483327105318,8.03014034521817
25.30301727432339,0.14861683992348623,11.280396684633173,2.641709085499687,1.6842602235419668,535.2909092689799,260.13896249570405,6.4293382771859395
8.202039308921421,0.2560486441396396,1.38720043898951,3.1921002315219003,19.691517927522263,353.13289708407916,162.04707977204615,8.71823331250978
35.71113019206331,0.3459320566982348,4.872932073154667,3.9914689041026463,13.32814609389838,958.2732392536142,419.39831746718966,8.76914630249125
14.296001490604713,0.3663711339041235,1.2240047129104248,2.8705245593131075,5.70808136926845,380.02359955561207,179.6813592078545,6.81778927429207
9.533022244898145,0.35826580644915934,2.845199977980332,3.841382801557239,11.716167884304888,330.26581409415064,145.5352026744057,7.5347149962181375
36.1061827954142,0.7307082519174162,3.0606430136369993,2.690033679849132,2.1896473213798795,736.6042925723552,355.7176431028802,6.680281501476399
38.44780243804137,0.5855244833501424,5.841643648151913,2.1094654138499718,19.31673337615167,1153.9432143545728,617.1705777583816,9.937548420241107
35.17446660429077,0.5059289105680278,3.5153211424622537,2.408484212736858,3.4956997576673188,746.3768029597965,375.7515167478221,6.914983430374284
33.333062615370736,0.28202953839708655,1.5713460390860288,2.8373902866553684,12.960606361104283,895.1902780062564,424.79187340666454,8.663188463304023
27.93346932236576,0.6678427881659711,2.3428966334916494,2.439269857189138,4.909089250778608,635.3317748424233,318.19937657452425,7.072312101486724
24.280007971319876,0.7662953836137417,2.108396537204255,2.000454076436511,14.351227652970715,704.3145756267487,387.3250610290465,8.72756383768576
8.044536596899356,0.6658987119126699,11.68769085578266,3.8300030754950543,15.53642734480562,321.5781738542745,141.78471625139494,8.017138342690938
19.295862457474456,0.05117382889360468,9.207793080254294,3.6877588224618583,13.468394578228652,573.6036479338759,254.74831166504484,8.40572301135413
18.04409809543099,0.5273010276375553,11.626032997126918,3.4845844629738942,12.28998920510385,530.3521355512028,238.3476292540057,8.145448287099553
14.091382431611418,0.08835153608157555,5.50098964349174,2.3356291912920573,17.849381879040234,492.92221965441223,251.3841867996993,8.925149364108073
30.319703979100474,0.24320541525029138,3.6290743872868165,2.2407271524199723,1.5725342197951608,621.918088367947,323.0873695290296,6.491888232822889
22.355650727756977,0.09464352526082877,9.660201087626566,2.135209498944766,6.618295315603904,551.3142719091445,293.08106853693664,7.264733368473329
7.836617556767678,0.5028465897120409,4.184545449277302,3.448058377545842,4.96574959261692,248.00285141783803,111.71694315604023,6.264035878339579
12.706412068243397,0.5649424351194552,3.87284713498204,3.8576159213757704,19.76027924130843,474.2316555896634,208.8133636538674,9.161058980700451
28.914056728085857,0.13586572854942885,3.097069509610842,2.861071641826074,7.78779559333747,703.4973539934359,332.964087765436,7.623083630991809
7.664580082160507,0.3378791622837346,1.9042761474011303,2.2382813439920963,14.652253984807974,306.5626955659269,159.33988160211123,7.828175258015467
34.7922419917069,0.3921773817166565,3.374971507794485,3.024785641464213,13.694503277620091,943.998070431635,439.50528633490273,8.82401133004044
22.330128445489102,0.3267897663206874,4.521709082297098,2.6976638149172603,4.2416247495475545,518.0335345880271,249.9237974016001,6.831933277421679
21.82053020643268,0.1407687503638948,8.218332814490472,2.7496498486999954,4.779953604231027,515.6576444469238,247.18515903484982,6.916813898039809
25.734272463083116,0.36421084264060655,1.1257521697456383,3.2426612483114146,5.625691271060682,604.0163700975787,276.07301728155784,7.162050057650777
33.86383380738022,0.6133835358563137,2.841880500117978,3.4374362265244045,8.222545565187584,814.6964223711227,367.2478297000009,7.784250492868133
17.173322276576755,0.1032557483999416,9.784674227383446,2.2212071977463217,4.686501313010536,425.26406860889495,221.8224454423027,6.757376939548328
28.730565339567224,0.11013501056142759,2.104294313571741,2.0711804616129528,0.3930296549369561,573.866439050344,309.8115730818112,6.2494702572101
24.800618739852688,0.31607846887698815,4.37468369966125,3.9886606053714297,17.58786113614391,765.4935938673838,335.0668964047676,9.335111632358453
14.345989455929747,0.7562942837141938,10.430043493554425,2.4654566978311037,19.31219662761768,513.7716610901144,256.2225209503662,9.196668817970458
35.752049522430525,0.5514294850421856,2.197133609263935,2.107661049816918,6.831407740631359,825.6806821635206,441.79460296361265,7.5487268932644245
32.90991075624248,0.5590024675044236,1.3597472931710028,2.37975065819184,6.770137588509457,766.9241629642468,388.0229187576194,7.498663759340722
28.045814213044892,0.3214399931283987,6.0206407429281255,2.077915692696928,0.14183625548741974,558.0292189856959,300.7564275890419,6.192444045652841
34.77036051829847,0.4952455934064038,3.908066330831022,2.7836217892343433,13.605013766607481,941.6836215798422,449.59162733480565,8.806880373869761
35.35529703359308,0.05759838802080754,6.935537028012708,3.6048035689026485,16.508797914972575,1014.6467055933871,452.7079590500607,9.361224810036072
29.792704185026217,0.5270720348071567,9.724136729608311,2.682488899515441,2.9321660072000633,636.5016637024318,307.6738230495265,6.736767610872566
34.29546649272852,0.7349652106821776,1.9909224625718207,2.888366813756733,3.193326987343015,724.0525904221881,341.694524217247,6.847566895110784
29.411501158424926,0.5094301012586144,7.136109380829706,3.3511735471348776,15.801664999428755,852.9277828203158,386.74013147651334,9.119417894603673
28.804927011610513,0.7052739450997588,6.263901620522422,3.0177881401397606,12.325814967082893,778.6199114362086,362.7458261297377,8.462126945021078
26.65139823753145,0.5929797915995704,2.071313917753115,3.7228913720426484,0.8972111525543403,546.5430856625812,242.27724438211592,6.309045100184295
31.345082384517443,0.1404188123027677,7.638382432136196,3.732071350091513,12.450939809245634,839.4207071616644,371.9285019148299,8.53393264203185
10.551178685257579,0.7268399804643814,3.574228847184951,2.0198213909823073,6.178354456875321,309.96066922236923,169.57031172298758,6.68336334809155
35.83047657196249,0.09983288326683117,6.058878095110545,3.556092612966398,7.374503109416919,838.4557875241127,375.1641939317022,7.651806259943399
35.51452347108312,0.45047560441082285,1.3543589616139178,2.921467200483348,15.394628365937603,995.8792352863906,468.3610203243971,9.154453785510817
6.02365490620957,0.15660284284509324,5.731175063678028,3.977681082607326,16.21870385345221,275.5527947037272,120.670633289746,7.859657030827661
33.90358626976669,0.05877995804817805,3.9549762292967157,2.9664641517508703,8.007132536796613,811.3022889781316,379.83754923020865,7.744466392495706
9.510445361570582,0.36652569509572924,9.93962204975011,3.973791890776595,18.943058720127095,382.65205098140353,167.600172609078,8.741115216205602
16.729159899069966,0.2712805307406172,1.060953233169472,3.509138722411473,8.129254359041445,454.48236447792374,203.93751377788539,7.351359550148183
31.02278897020627,0.41450037034820225,5.255844389052627,2.497209769226613,15.436720704602198,886.2337143878416,439.76215152461754,9.084268323973227
10.626596361690787,0.48289991505091306,5.717804519924681,3.076789958573915,9.677545291285181,339.04739011603453,157.1079437308637,7.28093063343234
33.628845844167174,0.08280430423171052,8.810070485069778,3.9842712789571655,17.95064653044168,999.3351201836513,437.5055799998649,9.602333189102076
34.12469622852097,0.14225247134280922,7.061735871046448,3.715061215503847,18.155224873003572,1016.2005047696666,450.6574549780478,9.64945123171369
22.761370681629266,0.46898179733781903,8.1396631114525,2.194733787582442,1.7483361574216771,491.2910523571152,257.71289578790845,6.388415619600655
5.223505510089176,0.30737551487949366,9.41377171356037,3.4127439936199924,18.729866626204515,268.5025347316085,121.23324442233645,8.12197747493653
15.046334661121946,0.596880115662086,10.40155449443499,2.691159171741626,16.510696830408314,504.04095228748525,243.37424756186968,8.748305701518394
26.592442143150976,0.5392187364439548,4.0409557619806575,2.0139645237606962,15.826214286253338,783.4454694354745,429.2709706663742,9.059151894432992
39.34151623095982,0.6842032722424302,6.641063382221274,2.806961938053999,4.018226793710449,835.4817789833597,397.8158642920531,7.059189020540763
27.11347344558339,0.569369620001919,10.14525370989472,2.4695088434499426,16.1023841750933,800.8401178378247,399.12691783250295,9.122881210586192
14.093125337245592,0.3724483080426111,11.877633119194655,3.6377385410409433,17.002654693700737,484.81195215390824,215.90649752728703,8.777607418658695
27.1901996084864,0.5547249667958243,10.718424008107652,2.674661217691531,5.7830066890830185,635.1840429158069,307.347367191869,7.220010684595573
23.89948829005494,0.2565358806915639,4.709020246442771,3.655047387907634,19.045201567246476,763.5916950762211,339.73133180263414,9.574971085843785
32.294588830290024,0.2797351240836595,2.663931599736345,2.0011958776695904,0.997202927983285,645.8685057687812,355.11192504457773,6.411466398021886
8.744322358943544,0.641738869940595,6.0769534339164295,2.6156383000522383,2.9981850649427932,251.8979180667191,122.85042546800224,6.017512388183912
31.63597658757098,0.38481463730118665,9.00304084129809,2.4823304286155237,10.751622761030287,814.7340785706851,405.2255487900699,8.2221673208493
23.94433025366386,0.6487852553887644,6.113801220738252,2.4671347221372217,11.515849422446195,654.8408075841353,326.48706740676727,8.199775076004647
38.70472013506481,0.6668167802512088,6.004898014438555,2.1363732395309256,12.903001666018067,1019.364352591567,541.7524167727698,8.730289783505219
16.965525811354013,0.6931717532459629,10.123472884548887,2.3742485408210037,0.33938258630932916,373.1104795084529,188.95752486229367,5.978011155507358
27.141766259688183,0.7374764268809055,4.5922838371793615,3.1110991397712398,19.207335492442606,851.8890428448492,393.56445145767003,9.696599044562744
37.620983692850615,0.37323891538497217,10.37361822781509,2.582722145675489,0.8917618546828798,735.8441313962534,360.52602592879487,6.45180416406996
8.587840479673774,0.28915011374085414,5.118935691039994,2.834789564658296,2.8612390544680477,248.09132961054087,117.75995236633014,5.9824865066563495
37.80299705327579,0.4866490599455854,4.2075040258687375,2.7537337606943773,0.2802903505211396,725.7836990645256,347.7402724052245,6.338307497392189
29.07600028052847,0.32837931757822064,5.666282969916509,3.7518098499997894,11.337168665881894,767.869014532569,339.8784159522262,8.284270241909969
7.374297068681017,0.5008056251001748,9.244384720628474,3.8105979980210307,18.645337678419445,324.46167514553946,143.19157056642442,8.441665298805768
15.533724843138568,0.5791893969828685,1.8616235232223337,2.9859139433117203,13.318943321609284,483.23488348842477,225.81428415564528,8.213487439143158
29.786023102584856,0.5663037638691026,2.6784629041154013,2.660311900631209,16.453149369608546,873.6428429118312,423.5233364490436,9.248317458971407
7.357271051407009,0.330914665265091,11.436759977691867,2.2136014080047275,0.26562406917160164,209.4431065447233,109.42317403420489,5.455216772397449
25.375966106169564,0.1751451512740646,2.4357028776237453,3.90680575876419,10.840305969594521,676.8789012585537,297.35994999156645,8.112171484179838
17.105906993353486,0.37289700384665564,6.985636888000233,2.120453889800595,9.191259550110438,474.20507754446515,252.96105679732602,7.5552749824175764
26.7320431218617,0.15694560806143154,7.12004781327848,2.5953005551365607,9.979358884415861,693.3155039155661,339.08613839576435,7.984736187076381
6.60097118343795,0.7175727763878563,6.07964375978284,2.5961324023400083,1.444263706703759,203.52211913631936,99.52680325715592,5.575577585336976
35.503788215333174,0.30940809555339305,7.879044883491096,2.64080257228043,13.68870722138615,960.759775853366,466.96368059274994,8.833803356138446
39.07211392120889,0.16584481041749283,3.0659900192523737,2.3285736865448188,10.064408297172688,964.8253568360074,492.6929508164921,8.198700049468517
38.9107249349992,0.06908581992931316,6.81088230621028,3.5663228618473943,15.30297699722528,1077.330424605428,481.75500165314554,9.186218512702219
31.237814111002365,0.5343667897148632,4.717209760864007,2.2449957239319787,9.705812681234306,786.7619266834315,408.36679700789966,8.020446036649343
9.553018404572118,0.5276767380910574,8.075340211698592,3.2698133183063254,2.9876327245286416,266.6417596756744,121.62021463053358,6.076260014772638
